{"v":"5.12.2","fr":60,"ip":0,"op":311,"w":1500,"h":1500,"nm":"Private investigator","ddd":0,"assets":[{"id":"comp_0","nm":"Content","fr":60,"layers":[{"ddd":0,"ind":1,"ty":4,"nm":"Badge","sr":1,"ks":{"p":{"a":0,"k":[621.79,181.595,0],"ix":2,"l":2},"a":{"a":0,"k":[536.522,407.408,0],"ix":1,"l":2},"s":{"a":1,"k":[{"i":{"x":[0.667,0.667,0.667],"y":[1,1,1]},"o":{"x":[0.333,0.333,0.333],"y":[0,0,0]},"t":0,"s":[363.319,363.319,100]},{"i":{"x":[0.667,0.667,0.667],"y":[1,1,1]},"o":{"x":[0.333,0.333,0.333],"y":[0,0,0]},"t":10,"s":[479.319,479.319,100]},{"i":{"x":[0.667,0.667,0.667],"y":[1,1,1]},"o":{"x":[0.333,0.333,0.333],"y":[0,0,0]},"t":20,"s":[305.319,305.319,100]},{"t":30,"s":[363.319,363.319,100]}],"ix":6,"l":2}},"ao":0,"shapes":[{"ty":"gr","it":[{"ty":"gr","it":[{"ind":0,"ty":"sh","ix":1,"ks":{"a":0,"k":{"i":[[0,0],[0,0],[-0.406,0.557],[-0.553,-0.406],[0,0],[0,0],[-0.611,-0.323],[0.323,-0.607],[0,0]],"o":[[0,0],[-0.553,-0.41],[0.41,-0.553],[0,0],[0,0],[0.32,-0.607],[0.607,0.32],[0,0],[0,0]],"v":[[-1.121,12.017],[-10.185,5.353],[-10.451,3.61],[-8.712,3.345],[-1.976,8.299],[8.335,-11.176],[10.016,-11.693],[10.533,-10.012],[-1.128,12.017]],"c":true},"ix":2},"nm":"Path 1","mn":"ADBE Vector Shape - Group","hd":false},{"ty":"fl","c":{"a":0,"k":[1,1,1,1],"ix":4},"o":{"a":0,"k":100,"ix":5},"r":1,"bm":0,"nm":"Fill 1","mn":"ADBE Vector Graphic - Fill","hd":false},{"ty":"tr","p":{"a":0,"k":[173.528,24.059],"ix":2},"a":{"a":0,"k":[0,0],"ix":1},"s":{"a":0,"k":[100,100],"ix":3},"r":{"a":0,"k":0,"ix":6},"o":{"a":0,"k":100,"ix":7},"sk":{"a":0,"k":0,"ix":4},"sa":{"a":0,"k":0,"ix":5},"nm":"Transform"}],"nm":"Group 1","np":2,"cix":2,"bm":0,"ix":1,"mn":"ADBE Vector Group","hd":false},{"ty":"tr","p":{"a":0,"k":[500,500],"ix":2},"a":{"a":0,"k":[137,118],"ix":1},"s":{"a":0,"k":[100,100],"ix":3},"r":{"a":0,"k":0,"ix":6},"o":{"a":0,"k":100,"ix":7},"sk":{"a":0,"k":0,"ix":4},"sa":{"a":0,"k":0,"ix":5},"nm":"Transform"}],"nm":"Group 1","np":1,"cix":2,"bm":0,"ix":1,"mn":"ADBE Vector Group","hd":false},{"ty":"gr","it":[{"ty":"gr","it":[{"ind":0,"ty":"sh","ix":1,"ks":{"a":0,"k":{"i":[[0,0],[0.011,1.2],[-0.022,5.565],[-0.004,2.36],[-1.017,0],[0,0],[-0.334,-0.298],[0,0],[-0.029,-0.04],[0,-0.46],[0.047,-3.995],[0.007,-3.959],[4.99,-0.057],[0,0]],"o":[[-4.99,0],[-0.075,-5.665],[0.011,-2.36],[0,-1.013],[0,0],[0.449,0],[0,0],[0.068,0.075],[0.259,0.273],[-0.007,3.998],[-0.047,3.959],[0,1.2],[0,0],[0,0]],"v":[[-0.023,19.496],[-16.427,7.454],[-16.452,-10.576],[-16.427,-17.657],[-14.584,-19.496],[14.663,-19.496],[15.845,-19.044],[15.96,-18.957],[16.085,-18.799],[16.502,-17.661],[16.401,-5.676],[16.301,7.242],[0.023,19.493],[-0.02,19.493]],"c":true},"ix":2},"nm":"Path 1","mn":"ADBE Vector Shape - Group","hd":false},{"ind":1,"ty":"sh","ix":2,"ks":{"a":0,"k":{"i":[[0,0],[-4.315,0],[0,0],[-0.819,1.254],[-0.043,3.919],[-0.007,3.995],[0.101,0.108],[0,0],[0.14,0],[0,0],[0,-0.323],[0.011,-2.36],[-0.072,-5.611]],"o":[[0.909,1.444],[0,0],[4.275,-0.047],[0.011,-3.919],[0.047,-3.991],[0,-0.147],[0,0],[-0.104,-0.093],[0,0],[-0.323,0],[0,2.364],[-0.025,5.522],[0,0]],"v":[[-15.184,7.314],[-0.023,18.25],[0.005,18.25],[15.054,7.117],[15.155,-5.687],[15.255,-17.661],[15.115,-18.02],[15.011,-18.12],[14.659,-18.253],[-14.587,-18.253],[-15.184,-17.657],[-15.209,-10.569],[-15.187,7.314]],"c":true},"ix":2},"nm":"Path 2","mn":"ADBE Vector Shape - Group","hd":false},{"ty":"mm","mm":1,"nm":"Merge Paths 1","mn":"ADBE Vector Filter - Merge","hd":false},{"ty":"fl","c":{"a":0,"k":[0.968627512455,0.600000023842,0.109803929925,1],"ix":4},"o":{"a":0,"k":100,"ix":5},"r":1,"bm":0,"nm":"Fill 1","mn":"ADBE Vector Graphic - Fill","hd":false},{"ty":"tr","p":{"a":0,"k":[173.512,24.684],"ix":2},"a":{"a":0,"k":[0,0],"ix":1},"s":{"a":0,"k":[100,100],"ix":3},"r":{"a":0,"k":0,"ix":6},"o":{"a":0,"k":100,"ix":7},"sk":{"a":0,"k":0,"ix":4},"sa":{"a":0,"k":0,"ix":5},"nm":"Transform"}],"nm":"Group 2","np":4,"cix":2,"bm":0,"ix":1,"mn":"ADBE Vector Group","hd":false},{"ty":"tr","p":{"a":0,"k":[500,500],"ix":2},"a":{"a":0,"k":[137,118],"ix":1},"s":{"a":0,"k":[100,100],"ix":3},"r":{"a":0,"k":0,"ix":6},"o":{"a":0,"k":100,"ix":7},"sk":{"a":0,"k":0,"ix":4},"sa":{"a":0,"k":0,"ix":5},"nm":"Transform"}],"nm":"Group 2","np":1,"cix":2,"bm":0,"ix":2,"mn":"ADBE Vector Group","hd":false},{"ty":"gr","it":[{"ty":"gr","it":[{"ind":0,"ty":"sh","ix":1,"ks":{"a":0,"k":{"i":[[0,0],[0,0.927],[-0.022,11.015],[0.244,0.266],[0.029,0.029],[0.047,0.032],[0.46,0],[0,0],[0,-0.916],[-0.144,-11.104],[-6.736,0.075]],"o":[[6.664,-0.075],[0.022,-11.011],[0,-0.471],[-0.025,-0.032],[-0.04,-0.04],[-0.266,-0.234],[0,0],[-0.923,0],[-0.014,11.104],[0.011,0.93],[0,0]],"v":[[0.041,25.37],[21.725,9.276],[22.006,-23.761],[21.585,-24.846],[21.51,-24.943],[21.381,-25.04],[20.317,-25.445],[-20.174,-25.445],[-21.862,-23.761],[-21.862,9.552],[0.038,25.37]],"c":false},"ix":2},"nm":"Path 1","mn":"ADBE Vector Shape - Group","hd":false},{"ty":"fl","c":{"a":0,"k":[0.988235354424,0.741176486015,0.239215701818,1],"ix":4},"o":{"a":0,"k":100,"ix":5},"r":1,"bm":0,"nm":"Fill 1","mn":"ADBE Vector Graphic - Fill","hd":false},{"ty":"tr","p":{"a":0,"k":[173.483,25.445],"ix":2},"a":{"a":0,"k":[0,0],"ix":1},"s":{"a":0,"k":[100,100],"ix":3},"r":{"a":0,"k":0,"ix":6},"o":{"a":0,"k":100,"ix":7},"sk":{"a":0,"k":0,"ix":4},"sa":{"a":0,"k":0,"ix":5},"nm":"Transform"}],"nm":"Group 3","np":2,"cix":2,"bm":0,"ix":1,"mn":"ADBE Vector Group","hd":false},{"ty":"tr","p":{"a":0,"k":[500,500],"ix":2},"a":{"a":0,"k":[137,118],"ix":1},"s":{"a":0,"k":[100,100],"ix":3},"r":{"a":0,"k":0,"ix":6},"o":{"a":0,"k":100,"ix":7},"sk":{"a":0,"k":0,"ix":4},"sa":{"a":0,"k":0,"ix":5},"nm":"Transform"}],"nm":"Group 3","np":1,"cix":2,"bm":0,"ix":3,"mn":"ADBE Vector Group","hd":false}],"ip":0,"op":3600,"st":0,"ct":1,"bm":0},{"ddd":0,"ind":2,"ty":4,"nm":"PI","sr":1,"ks":{"p":{"a":0,"k":[409.908,736.021,0],"ix":2,"l":2},"a":{"a":0,"k":[478.203,560.008,0],"ix":1,"l":2},"s":{"a":1,"k":[{"i":{"x":[0.667,0.667,0.667],"y":[1,1,1]},"o":{"x":[0.333,0.333,0.333],"y":[0,0,0]},"t":148,"s":[363.319,363.319,100]},{"i":{"x":[0.667,0.667,0.667],"y":[1,1,1]},"o":{"x":[0.333,0.333,0.333],"y":[0,0,0]},"t":158,"s":[479.319,479.319,100]},{"i":{"x":[0.667,0.667,0.667],"y":[1,1,1]},"o":{"x":[0.333,0.333,0.333],"y":[0,0,0]},"t":168,"s":[305.319,305.319,100]},{"t":178,"s":[363.319,363.319,100]}],"ix":6,"l":2}},"ao":0,"shapes":[{"ty":"gr","it":[{"ty":"gr","it":[{"ind":0,"ty":"sh","ix":1,"ks":{"a":0,"k":{"i":[[0,0],[0,0],[0,0],[0,0],[0,0],[0,0],[0,0],[1.326,-0.025],[1.089,-0.022],[0.072,0]],"o":[[0,0],[0,0],[0,0],[0,0],[0,0],[0,0],[-1.326,0.029],[-1.089,0.022],[-0.075,0],[0,0]],"v":[[-7.045,14.542],[-2.5,-14.542],[3.194,-11.837],[7.045,-0.934],[0.862,5.062],[4.846,11.115],[0.424,14.402],[-3.553,14.481],[-6.818,14.542],[-7.041,14.542]],"c":true},"ix":2},"nm":"Path 1","mn":"ADBE Vector Shape - Group","hd":false},{"ty":"fl","c":{"a":0,"k":[0.039215687662,0.168627455831,0.321568638086,1],"ix":4},"o":{"a":0,"k":100,"ix":5},"r":1,"bm":0,"nm":"Fill 1","mn":"ADBE Vector Graphic - Fill","hd":false},{"ty":"tr","p":{"a":0,"k":[123.205,200.384],"ix":2},"a":{"a":0,"k":[0,0],"ix":1},"s":{"a":0,"k":[100,100],"ix":3},"r":{"a":0,"k":0,"ix":6},"o":{"a":0,"k":100,"ix":7},"sk":{"a":0,"k":0,"ix":4},"sa":{"a":0,"k":0,"ix":5},"nm":"Transform"}],"nm":"Group 4","np":2,"cix":2,"bm":0,"ix":1,"mn":"ADBE Vector Group","hd":false},{"ty":"tr","p":{"a":0,"k":[500,500],"ix":2},"a":{"a":0,"k":[137,118],"ix":1},"s":{"a":0,"k":[100,100],"ix":3},"r":{"a":0,"k":0,"ix":6},"o":{"a":0,"k":100,"ix":7},"sk":{"a":0,"k":0,"ix":4},"sa":{"a":0,"k":0,"ix":5},"nm":"Transform"}],"nm":"Group 4","np":1,"cix":2,"bm":0,"ix":1,"mn":"ADBE Vector Group","hd":false},{"ty":"gr","it":[{"ty":"gr","it":[{"ind":0,"ty":"sh","ix":1,"ks":{"a":0,"k":{"i":[[0,0],[-1.009,-1.545],[-0.481,-3.111],[5.123,-0.104],[1.326,-0.025],[0,0],[-0.88,-0.467]],"o":[[2.421,1.29],[1.221,1.868],[-5.119,0.104],[-1.322,0.029],[0,0],[0,0],[0,0]],"v":[[-2.346,-11.967],[5.773,-6.502],[9.667,12.319],[-5.694,12.649],[-9.667,12.728],[-3.808,-12.728],[-2.346,-11.97]],"c":true},"ix":2},"nm":"Path 1","mn":"ADBE Vector Shape - Group","hd":false},{"ty":"fl","c":{"a":0,"k":[0.039215687662,0.329411774874,1,1],"ix":4},"o":{"a":0,"k":100,"ix":5},"r":1,"bm":0,"nm":"Fill 1","mn":"ADBE Vector Graphic - Fill","hd":false},{"ty":"tr","p":{"a":0,"k":[129.316,202.134],"ix":2},"a":{"a":0,"k":[0,0],"ix":1},"s":{"a":0,"k":[100,100],"ix":3},"r":{"a":0,"k":0,"ix":6},"o":{"a":0,"k":100,"ix":7},"sk":{"a":0,"k":0,"ix":4},"sa":{"a":0,"k":0,"ix":5},"nm":"Transform"}],"nm":"Group 5","np":2,"cix":2,"bm":0,"ix":1,"mn":"ADBE Vector Group","hd":false},{"ty":"tr","p":{"a":0,"k":[500,500],"ix":2},"a":{"a":0,"k":[137,118],"ix":1},"s":{"a":0,"k":[100,100],"ix":3},"r":{"a":0,"k":0,"ix":6},"o":{"a":0,"k":100,"ix":7},"sk":{"a":0,"k":0,"ix":4},"sa":{"a":0,"k":0,"ix":5},"nm":"Transform"}],"nm":"Group 5","np":1,"cix":2,"bm":0,"ix":2,"mn":"ADBE Vector Group","hd":false},{"ty":"gr","it":[{"ty":"gr","it":[{"ind":0,"ty":"sh","ix":1,"ks":{"a":0,"k":{"i":[[0,0],[0,0],[0,0],[0,0]],"o":[[0,0],[0,0],[0,0],[0,0]],"v":[[-1.02,-5.667],[4.667,-0.555],[-1.778,5.667],[-4.667,0.616]],"c":true},"ix":2},"nm":"Path 1","mn":"ADBE Vector Shape - Group","hd":false},{"ty":"fl","c":{"a":0,"k":[1,1,1,1],"ix":4},"o":{"a":0,"k":100,"ix":5},"r":1,"bm":0,"nm":"Fill 1","mn":"ADBE Vector Graphic - Fill","hd":false},{"ty":"tr","p":{"a":0,"k":[119.871,189.964],"ix":2},"a":{"a":0,"k":[0,0],"ix":1},"s":{"a":0,"k":[100,100],"ix":3},"r":{"a":0,"k":0,"ix":6},"o":{"a":0,"k":100,"ix":7},"sk":{"a":0,"k":0,"ix":4},"sa":{"a":0,"k":0,"ix":5},"nm":"Transform"}],"nm":"Group 6","np":2,"cix":2,"bm":0,"ix":1,"mn":"ADBE Vector Group","hd":false},{"ty":"tr","p":{"a":0,"k":[500,500],"ix":2},"a":{"a":0,"k":[137,118],"ix":1},"s":{"a":0,"k":[100,100],"ix":3},"r":{"a":0,"k":0,"ix":6},"o":{"a":0,"k":100,"ix":7},"sk":{"a":0,"k":0,"ix":4},"sa":{"a":0,"k":0,"ix":5},"nm":"Transform"}],"nm":"Group 6","np":1,"cix":2,"bm":0,"ix":3,"mn":"ADBE Vector Group","hd":false},{"ty":"gr","it":[{"ty":"gr","it":[{"ind":0,"ty":"sh","ix":1,"ks":{"a":0,"k":{"i":[[0,0],[0.126,-0.007],[1.027,-0.014],[1.221,-0.011],[0,0],[0,0],[0,0],[0,0],[0,0],[0,0]],"o":[[-0.126,0],[-1.027,0.014],[-1.218,0.014],[0,0],[0,0],[0,0],[0,0],[0,0],[0,0],[0,0]],"v":[[7.043,14.512],[6.666,14.519],[3.583,14.562],[-0.074,14.602],[-4.848,11.056],[-0.864,5.003],[-7.047,-0.993],[-3.196,-11.896],[2.499,-14.602],[7.047,14.515]],"c":true},"ix":2},"nm":"Path 1","mn":"ADBE Vector Shape - Group","hd":false},{"ty":"fl","c":{"a":0,"k":[0.039215687662,0.168627455831,0.321568638086,1],"ix":4},"o":{"a":0,"k":100,"ix":5},"r":1,"bm":0,"nm":"Fill 1","mn":"ADBE Vector Graphic - Fill","hd":false},{"ty":"tr","p":{"a":0,"k":[107.213,200.444],"ix":2},"a":{"a":0,"k":[0,0],"ix":1},"s":{"a":0,"k":[100,100],"ix":3},"r":{"a":0,"k":0,"ix":6},"o":{"a":0,"k":100,"ix":7},"sk":{"a":0,"k":0,"ix":4},"sa":{"a":0,"k":0,"ix":5},"nm":"Transform"}],"nm":"Group 7","np":2,"cix":2,"bm":0,"ix":1,"mn":"ADBE Vector Group","hd":false},{"ty":"tr","p":{"a":0,"k":[500,500],"ix":2},"a":{"a":0,"k":[137,118],"ix":1},"s":{"a":0,"k":[100,100],"ix":3},"r":{"a":0,"k":0,"ix":6},"o":{"a":0,"k":100,"ix":7},"sk":{"a":0,"k":0,"ix":4},"sa":{"a":0,"k":0,"ix":5},"nm":"Transform"}],"nm":"Group 7","np":1,"cix":2,"bm":0,"ix":4,"mn":"ADBE Vector Group","hd":false},{"ty":"gr","it":[{"ty":"gr","it":[{"ind":0,"ty":"sh","ix":1,"ks":{"a":0,"k":{"i":[[0,0],[0,0],[0,0],[1.218,-0.011],[5.267,0.079],[-1.329,2.033],[-2.425,1.293]],"o":[[0.88,-0.467],[0,0],[-1.218,0.014],[-5.267,0.047],[0.169,-1.106],[1.009,-1.541],[0,0]],"v":[[2.373,-12.085],[3.835,-12.843],[9.727,12.757],[6.069,12.796],[-9.727,12.764],[-5.746,-6.617],[2.373,-12.081]],"c":true},"ix":2},"nm":"Path 1","mn":"ADBE Vector Shape - Group","hd":false},{"ty":"fl","c":{"a":0,"k":[0.039215687662,0.329411774874,1,1],"ix":4},"o":{"a":0,"k":100,"ix":5},"r":1,"bm":0,"nm":"Fill 1","mn":"ADBE Vector Graphic - Fill","hd":false},{"ty":"tr","p":{"a":0,"k":[101.07,202.252],"ix":2},"a":{"a":0,"k":[0,0],"ix":1},"s":{"a":0,"k":[100,100],"ix":3},"r":{"a":0,"k":0,"ix":6},"o":{"a":0,"k":100,"ix":7},"sk":{"a":0,"k":0,"ix":4},"sa":{"a":0,"k":0,"ix":5},"nm":"Transform"}],"nm":"Group 8","np":2,"cix":2,"bm":0,"ix":1,"mn":"ADBE Vector Group","hd":false},{"ty":"tr","p":{"a":0,"k":[500,500],"ix":2},"a":{"a":0,"k":[137,118],"ix":1},"s":{"a":0,"k":[100,100],"ix":3},"r":{"a":0,"k":0,"ix":6},"o":{"a":0,"k":100,"ix":7},"sk":{"a":0,"k":0,"ix":4},"sa":{"a":0,"k":0,"ix":5},"nm":"Transform"}],"nm":"Group 8","np":1,"cix":2,"bm":0,"ix":5,"mn":"ADBE Vector Group","hd":false},{"ty":"gr","it":[{"ty":"gr","it":[{"ind":0,"ty":"sh","ix":1,"ks":{"a":0,"k":{"i":[[0,0],[0,0],[0,0],[0,0]],"o":[[0,0],[0,0],[0,0],[0,0]],"v":[[1.02,-5.667],[-4.667,-0.555],[1.778,5.667],[4.667,0.616]],"c":true},"ix":2},"nm":"Path 1","mn":"ADBE Vector Shape - Group","hd":false},{"ty":"fl","c":{"a":0,"k":[1,1,1,1],"ix":4},"o":{"a":0,"k":100,"ix":5},"r":1,"bm":0,"nm":"Fill 1","mn":"ADBE Vector Graphic - Fill","hd":false},{"ty":"tr","p":{"a":0,"k":[110.538,189.964],"ix":2},"a":{"a":0,"k":[0,0],"ix":1},"s":{"a":0,"k":[100,100],"ix":3},"r":{"a":0,"k":0,"ix":6},"o":{"a":0,"k":100,"ix":7},"sk":{"a":0,"k":0,"ix":4},"sa":{"a":0,"k":0,"ix":5},"nm":"Transform"}],"nm":"Group 9","np":2,"cix":2,"bm":0,"ix":1,"mn":"ADBE Vector Group","hd":false},{"ty":"tr","p":{"a":0,"k":[500,500],"ix":2},"a":{"a":0,"k":[137,118],"ix":1},"s":{"a":0,"k":[100,100],"ix":3},"r":{"a":0,"k":0,"ix":6},"o":{"a":0,"k":100,"ix":7},"sk":{"a":0,"k":0,"ix":4},"sa":{"a":0,"k":0,"ix":5},"nm":"Transform"}],"nm":"Group 9","np":1,"cix":2,"bm":0,"ix":6,"mn":"ADBE Vector Group","hd":false},{"ty":"gr","it":[{"ty":"gr","it":[{"ind":0,"ty":"sh","ix":1,"ks":{"a":0,"k":{"i":[[0,0],[-12.293,2.802],[0,0],[15.078,2.389]],"o":[[0,0],[0,0],[0,0],[-0.338,1.793]],"v":[[-12.198,-0.208],[12.198,-0.208],[11.753,-2.594],[-11.753,-2.594]],"c":true},"ix":2},"nm":"Path 1","mn":"ADBE Vector Shape - Group","hd":false},{"ty":"fl","c":{"a":0,"k":[0.180392161012,0.1882353127,0.509803950787,1],"ix":4},"o":{"a":0,"k":100,"ix":5},"r":1,"bm":0,"nm":"Fill 1","mn":"ADBE Vector Graphic - Fill","hd":false},{"ty":"tr","p":{"a":0,"k":[115.688,166.044],"ix":2},"a":{"a":0,"k":[0,0],"ix":1},"s":{"a":0,"k":[100,100],"ix":3},"r":{"a":0,"k":0,"ix":6},"o":{"a":0,"k":100,"ix":7},"sk":{"a":0,"k":0,"ix":4},"sa":{"a":0,"k":0,"ix":5},"nm":"Transform"}],"nm":"Group 10","np":2,"cix":2,"bm":0,"ix":1,"mn":"ADBE Vector Group","hd":false},{"ty":"tr","p":{"a":0,"k":[500,500],"ix":2},"a":{"a":0,"k":[137,118],"ix":1},"s":{"a":0,"k":[100,100],"ix":3},"r":{"a":0,"k":0,"ix":6},"o":{"a":0,"k":100,"ix":7},"sk":{"a":0,"k":0,"ix":4},"sa":{"a":0,"k":0,"ix":5},"nm":"Transform"}],"nm":"Group 10","np":1,"cix":2,"bm":0,"ix":7,"mn":"ADBE Vector Group","hd":false},{"ty":"gr","it":[{"ty":"gr","it":[{"ind":0,"ty":"sh","ix":1,"ks":{"a":0,"k":{"i":[[0,0],[0.977,1.218],[0,0],[0.977,-1.221],[0,0],[0.977,-1.293],[-10.246,0],[-0.241,1.538],[0,0]],"o":[[0,0],[-0.977,-1.221],[0,0],[-0.977,1.221],[0,0],[0.244,1.538],[10.246,0],[-0.977,-1.293],[0,0]],"v":[[12.204,3.246],[8.787,-11.465],[0.004,-12.443],[-8.78,-11.465],[-12.196,3.246],[-22.931,9.928],[0,12.687],[22.931,9.928],[12.196,3.246]],"c":false},"ix":2},"nm":"Path 1","mn":"ADBE Vector Shape - Group","hd":false},{"ty":"fl","c":{"a":0,"k":[0.039215687662,0.168627455831,0.321568638086,1],"ix":4},"o":{"a":0,"k":100,"ix":5},"r":1,"bm":0,"nm":"Fill 1","mn":"ADBE Vector Graphic - Fill","hd":false},{"ty":"tr","p":{"a":0,"k":[115.682,162.59],"ix":2},"a":{"a":0,"k":[0,0],"ix":1},"s":{"a":0,"k":[100,100],"ix":3},"r":{"a":0,"k":0,"ix":6},"o":{"a":0,"k":100,"ix":7},"sk":{"a":0,"k":0,"ix":4},"sa":{"a":0,"k":0,"ix":5},"nm":"Transform"}],"nm":"Group 11","np":2,"cix":2,"bm":0,"ix":1,"mn":"ADBE Vector Group","hd":false},{"ty":"tr","p":{"a":0,"k":[500,500],"ix":2},"a":{"a":0,"k":[137,118],"ix":1},"s":{"a":0,"k":[100,100],"ix":3},"r":{"a":0,"k":0,"ix":6},"o":{"a":0,"k":100,"ix":7},"sk":{"a":0,"k":0,"ix":4},"sa":{"a":0,"k":0,"ix":5},"nm":"Transform"}],"nm":"Group 11","np":1,"cix":2,"bm":0,"ix":8,"mn":"ADBE Vector Group","hd":false},{"ty":"gr","it":[{"ty":"gr","it":[{"ind":0,"ty":"sh","ix":1,"ks":{"a":0,"k":{"i":[[0,-5.956],[5.956,0],[0,5.956],[-5.956,0]],"o":[[0,5.956],[-5.956,0],[0,-5.956],[5.956,0]],"v":[[10.785,0],[0,10.785],[-10.785,0],[0,-10.785]],"c":true},"ix":2},"nm":"Path 1","mn":"ADBE Vector Shape - Group","hd":false},{"ty":"fl","c":{"a":0,"k":[0.988235354424,0.741176486015,0.239215701818,1],"ix":4},"o":{"a":0,"k":100,"ix":5},"r":1,"bm":0,"nm":"Fill 1","mn":"ADBE Vector Graphic - Fill","hd":false},{"ty":"tr","p":{"a":0,"k":[115.689,171.389],"ix":2},"a":{"a":0,"k":[0,0],"ix":1},"s":{"a":0,"k":[100,100],"ix":3},"r":{"a":0,"k":0,"ix":6},"o":{"a":0,"k":100,"ix":7},"sk":{"a":0,"k":0,"ix":4},"sa":{"a":0,"k":0,"ix":5},"nm":"Transform"}],"nm":"Group 12","np":2,"cix":2,"bm":0,"ix":1,"mn":"ADBE Vector Group","hd":false},{"ty":"tr","p":{"a":0,"k":[500,500],"ix":2},"a":{"a":0,"k":[137,118],"ix":1},"s":{"a":0,"k":[100,100],"ix":3},"r":{"a":0,"k":0,"ix":6},"o":{"a":0,"k":100,"ix":7},"sk":{"a":0,"k":0,"ix":4},"sa":{"a":0,"k":0,"ix":5},"nm":"Transform"}],"nm":"Group 12","np":1,"cix":2,"bm":0,"ix":9,"mn":"ADBE Vector Group","hd":false},{"ty":"gr","it":[{"ty":"gr","it":[{"ind":0,"ty":"sh","ix":1,"ks":{"a":0,"k":{"i":[[0,0],[0,0],[0,0],[0,0],[0,0]],"o":[[0,0],[0,0],[0,0],[0,0],[0,0]],"v":[[3.646,0.07],[0,5.434],[-3.646,0.07],[-3.646,-5.434],[3.646,-5.434]],"c":true},"ix":2},"nm":"Path 1","mn":"ADBE Vector Shape - Group","hd":false},{"ty":"fl","c":{"a":0,"k":[0.968627512455,0.600000023842,0.109803929925,1],"ix":4},"o":{"a":0,"k":100,"ix":5},"r":1,"bm":0,"nm":"Fill 1","mn":"ADBE Vector Graphic - Fill","hd":false},{"ty":"tr","p":{"a":0,"k":[115.204,185.143],"ix":2},"a":{"a":0,"k":[0,0],"ix":1},"s":{"a":0,"k":[100,100],"ix":3},"r":{"a":0,"k":0,"ix":6},"o":{"a":0,"k":100,"ix":7},"sk":{"a":0,"k":0,"ix":4},"sa":{"a":0,"k":0,"ix":5},"nm":"Transform"}],"nm":"Group 13","np":2,"cix":2,"bm":0,"ix":1,"mn":"ADBE Vector Group","hd":false},{"ty":"tr","p":{"a":0,"k":[500,500],"ix":2},"a":{"a":0,"k":[137,118],"ix":1},"s":{"a":0,"k":[100,100],"ix":3},"r":{"a":0,"k":0,"ix":6},"o":{"a":0,"k":100,"ix":7},"sk":{"a":0,"k":0,"ix":4},"sa":{"a":0,"k":0,"ix":5},"nm":"Transform"}],"nm":"Group 13","np":1,"cix":2,"bm":0,"ix":10,"mn":"ADBE Vector Group","hd":false},{"ty":"gr","it":[{"ty":"gr","it":[{"ind":0,"ty":"sh","ix":1,"ks":{"a":0,"k":{"i":[[0,0],[0,0],[0.075,0],[0.636,-0.011],[0.122,0],[0,0],[0,0],[0,0]],"o":[[0,0],[-0.075,0],[-0.636,0.011],[-0.126,0],[0,0],[0,0],[0,0],[0,0]],"v":[[5.899,-10.404],[1.552,12.157],[1.326,12.157],[-0.578,12.189],[-0.956,12.193],[-5.899,-10.407],[0.374,-12.193],[5.899,-10.407]],"c":true},"ix":2},"nm":"Path 1","mn":"ADBE Vector Shape - Group","hd":false},{"ty":"fl","c":{"a":0,"k":[0.65098041296,0.819607913494,0.988235354424,1],"ix":4},"o":{"a":0,"k":100,"ix":5},"r":1,"bm":0,"nm":"Fill 1","mn":"ADBE Vector Graphic - Fill","hd":false},{"ty":"tr","p":{"a":0,"k":[114.834,202.766],"ix":2},"a":{"a":0,"k":[0,0],"ix":1},"s":{"a":0,"k":[100,100],"ix":3},"r":{"a":0,"k":0,"ix":6},"o":{"a":0,"k":100,"ix":7},"sk":{"a":0,"k":0,"ix":4},"sa":{"a":0,"k":0,"ix":5},"nm":"Transform"}],"nm":"Group 14","np":2,"cix":2,"bm":0,"ix":1,"mn":"ADBE Vector Group","hd":false},{"ty":"tr","p":{"a":0,"k":[500,500],"ix":2},"a":{"a":0,"k":[137,118],"ix":1},"s":{"a":0,"k":[100,100],"ix":3},"r":{"a":0,"k":0,"ix":6},"o":{"a":0,"k":100,"ix":7},"sk":{"a":0,"k":0,"ix":4},"sa":{"a":0,"k":0,"ix":5},"nm":"Transform"}],"nm":"Group 14","np":1,"cix":2,"bm":0,"ix":11,"mn":"ADBE Vector Group","hd":false},{"ty":"gr","it":[{"ty":"gr","it":[{"ind":0,"ty":"sh","ix":1,"ks":{"a":0,"k":{"i":[[0,0],[-18.178,0.345],[0,1.872],[-0.032,22.219],[0.334,0.539],[0.036,0.061],[0.065,0.065],[0.621,0],[0,0],[0,-1.854],[-0.198,-22.403],[-1.261,-0.022]],"o":[[18.181,0.395],[1.25,-0.022],[0.032,-22.216],[0,-0.948],[-0.032,-0.065],[-0.054,-0.075],[-0.359,-0.474],[0,0],[-1.25,0],[-0.022,22.403],[0.014,1.875],[0,0]],"v":[[-27.349,36.808],[27.17,36.248],[29.455,32.846],[29.839,-33.798],[29.268,-35.986],[29.171,-36.183],[28.991,-36.381],[27.551,-37.204],[-27.353,-37.204],[-29.641,-33.802],[-29.641,33.403],[-27.353,36.805]],"c":false},"ix":2},"nm":"Path 1","mn":"ADBE Vector Shape - Group","hd":false},{"ty":"fl","c":{"a":0,"k":[0.92156869173,0.309803932905,0.309803932905,1],"ix":4},"o":{"a":0,"k":100,"ix":5},"r":1,"bm":0,"nm":"Fill 1","mn":"ADBE Vector Graphic - Fill","hd":false},{"ty":"tr","p":{"a":0,"k":[115.151,178.14],"ix":2},"a":{"a":0,"k":[0,0],"ix":1},"s":{"a":0,"k":[100,100],"ix":3},"r":{"a":0,"k":0,"ix":6},"o":{"a":0,"k":100,"ix":7},"sk":{"a":0,"k":0,"ix":4},"sa":{"a":0,"k":0,"ix":5},"nm":"Transform"}],"nm":"Group 15","np":2,"cix":2,"bm":0,"ix":1,"mn":"ADBE Vector Group","hd":false},{"ty":"tr","p":{"a":0,"k":[500,500],"ix":2},"a":{"a":0,"k":[137,118],"ix":1},"s":{"a":0,"k":[100,100],"ix":3},"r":{"a":0,"k":0,"ix":6},"o":{"a":0,"k":100,"ix":7},"sk":{"a":0,"k":0,"ix":4},"sa":{"a":0,"k":0,"ix":5},"nm":"Transform"}],"nm":"Group 15","np":1,"cix":2,"bm":0,"ix":12,"mn":"ADBE Vector Group","hd":false}],"ip":0,"op":3600,"st":0,"ct":1,"bm":0},{"ddd":0,"ind":3,"ty":4,"nm":"Leaf","sr":1,"ks":{"p":{"a":0,"k":[273.4,629.671,0],"ix":2,"l":2},"a":{"a":0,"k":[440.631,530.736,0],"ix":1,"l":2},"s":{"a":1,"k":[{"i":{"x":[0.667,0.667,0.667],"y":[1,1,1]},"o":{"x":[0.333,0.333,0.333],"y":[0,0,0]},"t":188,"s":[363.319,363.319,100]},{"i":{"x":[0.667,0.667,0.667],"y":[1,1,1]},"o":{"x":[0.333,0.333,0.333],"y":[0,0,0]},"t":198,"s":[479.319,479.319,100]},{"i":{"x":[0.667,0.667,0.667],"y":[1,1,1]},"o":{"x":[0.333,0.333,0.333],"y":[0,0,0]},"t":208,"s":[305.319,305.319,100]},{"t":218,"s":[363.319,363.319,100]}],"ix":6,"l":2}},"ao":0,"shapes":[{"ty":"gr","it":[{"ty":"gr","it":[{"ind":0,"ty":"sh","ix":1,"ks":{"a":0,"k":{"i":[[-0.711,0],[0,0],[0.711,0],[0,0]],"o":[[0,0],[0.711,0],[0,0],[-0.711,0]],"v":[[-0.183,0.551],[0.183,0.551],[0.183,-0.551],[-0.183,-0.551]],"c":true},"ix":2},"nm":"Path 1","mn":"ADBE Vector Shape - Group","hd":false},{"ty":"fl","c":{"a":0,"k":[0.039215687662,0.329411774874,1,1],"ix":4},"o":{"a":0,"k":100,"ix":5},"r":1,"bm":0,"nm":"Fill 1","mn":"ADBE Vector Graphic - Fill","hd":false},{"ty":"tr","p":{"a":0,"k":[49.477,107.244],"ix":2},"a":{"a":0,"k":[0,0],"ix":1},"s":{"a":0,"k":[100,100],"ix":3},"r":{"a":0,"k":0,"ix":6},"o":{"a":0,"k":100,"ix":7},"sk":{"a":0,"k":0,"ix":4},"sa":{"a":0,"k":0,"ix":5},"nm":"Transform"}],"nm":"Group 21","np":2,"cix":2,"bm":0,"ix":1,"mn":"ADBE Vector Group","hd":false},{"ty":"tr","p":{"a":0,"k":[500,500],"ix":2},"a":{"a":0,"k":[137,118],"ix":1},"s":{"a":0,"k":[100,100],"ix":3},"r":{"a":0,"k":0,"ix":6},"o":{"a":0,"k":100,"ix":7},"sk":{"a":0,"k":0,"ix":4},"sa":{"a":0,"k":0,"ix":5},"nm":"Transform"}],"nm":"Group 21","np":1,"cix":2,"bm":0,"ix":1,"mn":"ADBE Vector Group","hd":false},{"ty":"gr","it":[{"ty":"gr","it":[{"ind":0,"ty":"sh","ix":1,"ks":{"a":0,"k":{"i":[[0,0],[-0.208,-0.679],[-1.441,-2.518],[0.356,0.614],[0.823,2.702]],"o":[[-0.205,-0.675],[0.848,2.788],[0.352,0.618],[-1.39,-2.436],[0,0]],"v":[[-1.351,-4.034],[-2.411,-3.743],[1.315,4.092],[2.263,3.539],[-1.351,-4.038]],"c":false},"ix":2},"nm":"Path 1","mn":"ADBE Vector Shape - Group","hd":false},{"ty":"fl","c":{"a":0,"k":[0.039215687662,0.329411774874,1,1],"ix":4},"o":{"a":0,"k":100,"ix":5},"r":1,"bm":0,"nm":"Fill 1","mn":"ADBE Vector Graphic - Fill","hd":false},{"ty":"tr","p":{"a":0,"k":[46.405,100.859],"ix":2},"a":{"a":0,"k":[0,0],"ix":1},"s":{"a":0,"k":[100,100],"ix":3},"r":{"a":0,"k":0,"ix":6},"o":{"a":0,"k":100,"ix":7},"sk":{"a":0,"k":0,"ix":4},"sa":{"a":0,"k":0,"ix":5},"nm":"Transform"}],"nm":"Group 22","np":2,"cix":2,"bm":0,"ix":1,"mn":"ADBE Vector Group","hd":false},{"ty":"tr","p":{"a":0,"k":[500,500],"ix":2},"a":{"a":0,"k":[137,118],"ix":1},"s":{"a":0,"k":[100,100],"ix":3},"r":{"a":0,"k":0,"ix":6},"o":{"a":0,"k":100,"ix":7},"sk":{"a":0,"k":0,"ix":4},"sa":{"a":0,"k":0,"ix":5},"nm":"Transform"}],"nm":"Group 22","np":1,"cix":2,"bm":0,"ix":2,"mn":"ADBE Vector Group","hd":false},{"ty":"gr","it":[{"ty":"gr","it":[{"ind":0,"ty":"sh","ix":1,"ks":{"a":0,"k":{"i":[[0,0],[2.497,0.381],[-0.704,-0.108],[-2.622,0],[0.711,0]],"o":[[-2.518,0],[-0.693,-0.108],[2.597,0.395],[0.711,0],[0,0]],"v":[[3.921,-0.327],[-3.637,-0.675],[-3.928,0.388],[3.921,0.772],[3.921,-0.331]],"c":false},"ix":2},"nm":"Path 1","mn":"ADBE Vector Shape - Group","hd":false},{"ty":"fl","c":{"a":0,"k":[0.039215687662,0.329411774874,1,1],"ix":4},"o":{"a":0,"k":100,"ix":5},"r":1,"bm":0,"nm":"Fill 1","mn":"ADBE Vector Graphic - Fill","hd":false},{"ty":"tr","p":{"a":0,"k":[84.631,171.964],"ix":2},"a":{"a":0,"k":[0,0],"ix":1},"s":{"a":0,"k":[100,100],"ix":3},"r":{"a":0,"k":0,"ix":6},"o":{"a":0,"k":100,"ix":7},"sk":{"a":0,"k":0,"ix":4},"sa":{"a":0,"k":0,"ix":5},"nm":"Transform"}],"nm":"Group 23","np":2,"cix":2,"bm":0,"ix":1,"mn":"ADBE Vector Group","hd":false},{"ty":"tr","p":{"a":0,"k":[500,500],"ix":2},"a":{"a":0,"k":[137,118],"ix":1},"s":{"a":0,"k":[100,100],"ix":3},"r":{"a":0,"k":0,"ix":6},"o":{"a":0,"k":100,"ix":7},"sk":{"a":0,"k":0,"ix":4},"sa":{"a":0,"k":0,"ix":5},"nm":"Transform"}],"nm":"Group 23","np":1,"cix":2,"bm":0,"ix":3,"mn":"ADBE Vector Group","hd":false},{"ty":"gr","it":[{"ty":"gr","it":[{"ind":0,"ty":"sh","ix":1,"ks":{"a":0,"k":{"i":[[0.697,0.126],[2.342,0.41],[-0.701,-0.122],[-2.342,-0.413]],"o":[[-2.339,-0.41],[-0.693,-0.122],[2.339,0.41],[0.693,0.122]],"v":[[3.634,0.201],[-3.339,-1.265],[-3.63,-0.205],[3.343,1.265]],"c":true},"ix":2},"nm":"Path 1","mn":"ADBE Vector Shape - Group","hd":false},{"ty":"fl","c":{"a":0,"k":[0.039215687662,0.329411774874,1,1],"ix":4},"o":{"a":0,"k":100,"ix":5},"r":1,"bm":0,"nm":"Fill 1","mn":"ADBE Vector Graphic - Fill","hd":false},{"ty":"tr","p":{"a":0,"k":[66.352,146.138],"ix":2},"a":{"a":0,"k":[0,0],"ix":1},"s":{"a":0,"k":[100,100],"ix":3},"r":{"a":0,"k":0,"ix":6},"o":{"a":0,"k":100,"ix":7},"sk":{"a":0,"k":0,"ix":4},"sa":{"a":0,"k":0,"ix":5},"nm":"Transform"}],"nm":"Group 24","np":2,"cix":2,"bm":0,"ix":1,"mn":"ADBE Vector Group","hd":false},{"ty":"tr","p":{"a":0,"k":[500,500],"ix":2},"a":{"a":0,"k":[137,118],"ix":1},"s":{"a":0,"k":[100,100],"ix":3},"r":{"a":0,"k":0,"ix":6},"o":{"a":0,"k":100,"ix":7},"sk":{"a":0,"k":0,"ix":4},"sa":{"a":0,"k":0,"ix":5},"nm":"Transform"}],"nm":"Group 24","np":1,"cix":2,"bm":0,"ix":4,"mn":"ADBE Vector Group","hd":false},{"ty":"gr","it":[{"ty":"gr","it":[{"ind":0,"ty":"sh","ix":1,"ks":{"a":0,"k":{"i":[[-0.011,0.711],[-0.018,2.206],[0.004,-0.711],[0.036,-2.202]],"o":[[0.04,-2.202],[0.004,-0.711],[-0.018,2.206],[-0.011,0.708]],"v":[[0.37,3.301],[0.736,-3.301],[-0.363,-3.301],[-0.729,3.301]],"c":true},"ix":2},"nm":"Path 1","mn":"ADBE Vector Shape - Group","hd":false},{"ty":"fl","c":{"a":0,"k":[0.039215687662,0.329411774874,1,1],"ix":4},"o":{"a":0,"k":100,"ix":5},"r":1,"bm":0,"nm":"Fill 1","mn":"ADBE Vector Graphic - Fill","hd":false},{"ty":"tr","p":{"a":0,"k":[88.735,153.844],"ix":2},"a":{"a":0,"k":[0,0],"ix":1},"s":{"a":0,"k":[100,100],"ix":3},"r":{"a":0,"k":0,"ix":6},"o":{"a":0,"k":100,"ix":7},"sk":{"a":0,"k":0,"ix":4},"sa":{"a":0,"k":0,"ix":5},"nm":"Transform"}],"nm":"Group 25","np":2,"cix":2,"bm":0,"ix":1,"mn":"ADBE Vector Group","hd":false},{"ty":"tr","p":{"a":0,"k":[500,500],"ix":2},"a":{"a":0,"k":[137,118],"ix":1},"s":{"a":0,"k":[100,100],"ix":3},"r":{"a":0,"k":0,"ix":6},"o":{"a":0,"k":100,"ix":7},"sk":{"a":0,"k":0,"ix":4},"sa":{"a":0,"k":0,"ix":5},"nm":"Transform"}],"nm":"Group 25","np":1,"cix":2,"bm":0,"ix":5,"mn":"ADBE Vector Group","hd":false},{"ty":"gr","it":[{"ty":"gr","it":[{"ind":0,"ty":"sh","ix":1,"ks":{"a":0,"k":{"i":[[0,0.711],[-0.316,1.656],[0.129,-0.697],[0.004,-1.778]],"o":[[0,-1.681],[0.129,-0.693],[-0.331,1.753],[0,0.711]],"v":[[0.311,2.633],[0.659,-2.357],[-0.401,-2.648],[-0.789,2.633]],"c":true},"ix":2},"nm":"Path 1","mn":"ADBE Vector Shape - Group","hd":false},{"ty":"fl","c":{"a":0,"k":[0.039215687662,0.329411774874,1,1],"ix":4},"o":{"a":0,"k":100,"ix":5},"r":1,"bm":0,"nm":"Fill 1","mn":"ADBE Vector Graphic - Fill","hd":false},{"ty":"tr","p":{"a":0,"k":[64.211,115.986],"ix":2},"a":{"a":0,"k":[0,0],"ix":1},"s":{"a":0,"k":[100,100],"ix":3},"r":{"a":0,"k":0,"ix":6},"o":{"a":0,"k":100,"ix":7},"sk":{"a":0,"k":0,"ix":4},"sa":{"a":0,"k":0,"ix":5},"nm":"Transform"}],"nm":"Group 26","np":2,"cix":2,"bm":0,"ix":1,"mn":"ADBE Vector Group","hd":false},{"ty":"tr","p":{"a":0,"k":[500,500],"ix":2},"a":{"a":0,"k":[137,118],"ix":1},"s":{"a":0,"k":[100,100],"ix":3},"r":{"a":0,"k":0,"ix":6},"o":{"a":0,"k":100,"ix":7},"sk":{"a":0,"k":0,"ix":4},"sa":{"a":0,"k":0,"ix":5},"nm":"Transform"}],"nm":"Group 26","np":1,"cix":2,"bm":0,"ix":6,"mn":"ADBE Vector Group","hd":false},{"ty":"gr","it":[{"ty":"gr","it":[{"ind":0,"ty":"sh","ix":1,"ks":{"a":0,"k":{"i":[[0,0],[1.168,1.53],[0,0],[0,-0.711],[0,0],[4.347,6.003],[1.053,7.573],[-0.097,-0.693],[0.101,-7.012],[2.278,3.176],[3.345,4.588],[0.237,0.147],[0.115,0.072],[0.467,0.654],[0.025,3.56],[-0.004,-0.711],[-0.377,-2.831],[2.673,5.13],[-0.327,-0.629],[-3.801,-5.342],[-0.004,-0.022],[3.743,1.865],[-0.636,-0.316],[-4.3,-2.622],[-3.269,-4.505],[5.572,1.954],[-0.668,-0.23],[-5.895,-1.602],[-0.119,0.108],[-0.108,-0.151],[-4.76,-6.452],[4.099,0.42],[-0.697,-0.072],[-4.185,-0.431],[-0.083,0.129],[-2.27,-2.989],[-0.083,-0.057],[-1.214,-1.566],[0.428,0.553]],"o":[[-1.182,-1.523],[0,0],[0,-0.711],[0,0],[-4.473,-5.906],[0.036,-7.612],[-0.097,-0.701],[0.966,6.973],[-2.288,-3.172],[-3.301,-4.609],[0.054,-0.212],[-0.111,-0.072],[-0.471,-0.647],[-0.604,-3.503],[-0.004,-0.711],[0.018,2.867],[-3.301,-4.728],[-0.331,-0.629],[3.039,5.827],[0.004,0.022],[-3.643,-2.055],[-0.632,-0.316],[4.505,2.242],[3.276,4.512],[-5.694,-1.541],[-0.672,-0.237],[5.773,2.026],[0.205,0.054],[0.108,0.151],[4.663,6.51],[-4.095,-0.442],[-0.704,-0.072],[4.185,0.428],[0.212,0.022],[2.235,3.018],[0.036,0.104],[1.203,1.577],[0.435,0.56],[0,0]],"v":[[35.122,47.374],[12.159,15.451],[12.159,3.564],[11.059,3.564],[11.059,14.007],[-2.15,-3.869],[-2.538,-26.67],[-3.598,-26.379],[-3.231,-5.36],[-10.079,-14.884],[-20.166,-28.61],[-20.403,-29.203],[-20.745,-29.404],[-22.153,-31.351],[-23.069,-41.938],[-24.172,-41.938],[-23.586,-33.392],[-32.686,-48.089],[-33.638,-47.532],[-23.191,-30.895],[-23.18,-30.827],[-34.353,-36.543],[-34.906,-35.594],[-21.531,-28.585],[-11.616,-15.117],[-28.612,-20.085],[-28.903,-19.026],[-11.293,-13.888],[-10.808,-14.003],[-10.477,-13.551],[3.637,5.913],[-8.577,4.113],[-8.577,5.216],[3.896,7.052],[4.331,6.854],[11.088,15.864],[11.271,16.101],[34.335,48.157],[35.115,47.377]],"c":false},"ix":2},"nm":"Path 1","mn":"ADBE Vector Shape - Group","hd":false},{"ty":"fl","c":{"a":0,"k":[0.039215687662,0.329411774874,1,1],"ix":4},"o":{"a":0,"k":100,"ix":5},"r":1,"bm":0,"nm":"Fill 1","mn":"ADBE Vector Graphic - Fill","hd":false},{"ty":"tr","p":{"a":0,"k":[83.916,157.62],"ix":2},"a":{"a":0,"k":[0,0],"ix":1},"s":{"a":0,"k":[100,100],"ix":3},"r":{"a":0,"k":0,"ix":6},"o":{"a":0,"k":100,"ix":7},"sk":{"a":0,"k":0,"ix":4},"sa":{"a":0,"k":0,"ix":5},"nm":"Transform"}],"nm":"Group 27","np":2,"cix":2,"bm":0,"ix":1,"mn":"ADBE Vector Group","hd":false},{"ty":"tr","p":{"a":0,"k":[500,500],"ix":2},"a":{"a":0,"k":[137,118],"ix":1},"s":{"a":0,"k":[100,100],"ix":3},"r":{"a":0,"k":0,"ix":6},"o":{"a":0,"k":100,"ix":7},"sk":{"a":0,"k":0,"ix":4},"sa":{"a":0,"k":0,"ix":5},"nm":"Transform"}],"nm":"Group 27","np":1,"cix":2,"bm":0,"ix":7,"mn":"ADBE Vector Group","hd":false},{"ty":"gr","it":[{"ty":"gr","it":[{"ind":0,"ty":"sh","ix":1,"ks":{"a":0,"k":{"i":[[0,0],[19.439,9.197],[8.047,11.733],[-8.805,-15.099],[1.832,-14.858],[-15.412,-0.65],[-5.863,-5.867],[-3.007,2.041],[18.925,10.677]],"o":[[0,0],[-19.439,-9.197],[-8.051,-11.733],[8.805,15.099],[-1.832,14.858],[10.795,0.456],[9.197,9.197],[13.569,-9.222],[0,0]],"v":[[25.762,10.547],[13.644,-19.712],[-16.457,-43.957],[-35.882,-28.596],[-28.542,3.567],[-9.463,26.951],[0.363,46.494],[28.215,42.445],[25.762,10.551]],"c":false},"ix":2},"nm":"Path 1","mn":"ADBE Vector Shape - Group","hd":false},{"ty":"fl","c":{"a":0,"k":[0.211764723063,0.61960786581,0.960784375668,1],"ix":4},"o":{"a":0,"k":100,"ix":5},"r":1,"bm":0,"nm":"Fill 1","mn":"ADBE Vector Graphic - Fill","hd":false},{"ty":"tr","p":{"a":0,"k":[74.168,140.189],"ix":2},"a":{"a":0,"k":[0,0],"ix":1},"s":{"a":0,"k":[100,100],"ix":3},"r":{"a":0,"k":0,"ix":6},"o":{"a":0,"k":100,"ix":7},"sk":{"a":0,"k":0,"ix":4},"sa":{"a":0,"k":0,"ix":5},"nm":"Transform"}],"nm":"Group 28","np":2,"cix":2,"bm":0,"ix":1,"mn":"ADBE Vector Group","hd":false},{"ty":"tr","p":{"a":0,"k":[500,500],"ix":2},"a":{"a":0,"k":[137,118],"ix":1},"s":{"a":0,"k":[100,100],"ix":3},"r":{"a":0,"k":0,"ix":6},"o":{"a":0,"k":100,"ix":7},"sk":{"a":0,"k":0,"ix":4},"sa":{"a":0,"k":0,"ix":5},"nm":"Transform"}],"nm":"Group 28","np":1,"cix":2,"bm":0,"ix":8,"mn":"ADBE Vector Group","hd":false}],"ip":0,"op":3600,"st":0,"ct":1,"bm":0},{"ddd":0,"ind":4,"ty":4,"nm":"Doc","sr":1,"ks":{"p":{"a":0,"k":[672.378,601.4,0],"ix":2,"l":2},"a":{"a":0,"k":[550.445,522.955,0],"ix":1,"l":2},"s":{"a":0,"k":[363.319,363.319,100],"ix":6,"l":2}},"ao":0,"shapes":[{"ty":"gr","it":[{"ty":"gr","it":[{"ind":0,"ty":"sh","ix":1,"ks":{"a":0,"k":{"i":[[-2.646,6.556],[2.432,-3.709],[4.745,-4.856],[-2.348,4.062],[0,0],[-1.173,1.291]],"o":[[2.368,-5.867],[-2.224,3.391],[-2.576,2.636],[0.209,-0.362],[1.751,-0.152],[5.245,-5.769]],"v":[[0.063,-0.7],[-6.331,-4.647],[-6.58,4.345],[-2.376,6.298],[-1.698,6.199],[2.829,8.147]],"c":true},"ix":2},"nm":"Path 2","mn":"ADBE Vector Shape - Group","hd":false},{"ty":"mm","mm":1,"nm":"Merge Paths 1","mn":"ADBE Vector Filter - Merge","hd":false},{"ty":"fl","c":{"a":0,"k":[0.440659646427,0.775163478477,0.033438375884,1],"ix":4},"o":{"a":0,"k":100,"ix":5},"r":1,"bm":0,"nm":"Fill 1","mn":"ADBE Vector Graphic - Fill","hd":false},{"ty":"tr","p":{"a":0,"k":[219.039,80.39],"ix":2},"a":{"a":0,"k":[0,0],"ix":1},"s":{"a":0,"k":[100,100],"ix":3},"r":{"a":0,"k":0,"ix":6},"o":{"a":0,"k":100,"ix":7},"sk":{"a":0,"k":0,"ix":4},"sa":{"a":0,"k":0,"ix":5},"nm":"Transform"}],"nm":"Group 30","np":3,"cix":2,"bm":0,"ix":1,"mn":"ADBE Vector Group","hd":false},{"ty":"tr","p":{"a":0,"k":[594.132,519.267],"ix":2},"a":{"a":0,"k":[217.645,80.567],"ix":1},"s":{"a":1,"k":[{"i":{"x":[0.667,0.667],"y":[1,1]},"o":{"x":[0.333,0.333],"y":[0,0]},"t":234,"s":[100,100]},{"i":{"x":[0.667,0.667],"y":[1,1]},"o":{"x":[0.333,0.333],"y":[0,0]},"t":244,"s":[167,167]},{"i":{"x":[0.667,0.667],"y":[1,1]},"o":{"x":[0.333,0.333],"y":[0,0]},"t":254,"s":[70,70]},{"t":264,"s":[100,100]}],"ix":3},"r":{"a":0,"k":0,"ix":6},"o":{"a":0,"k":100,"ix":7},"sk":{"a":0,"k":0,"ix":4},"sa":{"a":0,"k":0,"ix":5},"nm":"Transform"}],"nm":"CIrcle 2","np":1,"cix":2,"bm":0,"ix":2,"mn":"ADBE Vector Group","hd":false},{"ty":"gr","it":[{"ty":"gr","it":[{"ind":0,"ty":"sh","ix":1,"ks":{"a":0,"k":{"i":[[-2.63,-1.3],[-0.295,0.158],[2.446,-0.869],[0.234,2.5]],"o":[[0.377,0.187],[3.409,1.211],[-2.504,0.891],[-0.331,-3.578]],"v":[[1.076,-3.548],[2.1,-3.573],[-0.551,4.237],[-6.177,0.257]],"c":true},"ix":2},"nm":"Path 1","mn":"ADBE Vector Shape - Group","hd":false},{"ind":1,"ty":"sh","ix":2,"ks":{"a":0,"k":{"i":[[0,0],[7.947,0.92],[0.115,-0.032],[0.97,-4.009],[-3.855,0.334]],"o":[[6.086,-0.528],[-0.144,-0.018],[-3.725,-1.02],[-0.956,3.941],[0,0]],"v":[[-1.216,6.612],[1.266,-5.965],[0.889,-5.929],[-8.257,-1.069],[-1.212,6.616]],"c":false},"ix":2},"nm":"Path 2","mn":"ADBE Vector Shape - Group","hd":false},{"ty":"mm","mm":1,"nm":"Merge Paths 1","mn":"ADBE Vector Filter - Merge","hd":false},{"ty":"fl","c":{"a":0,"k":[0.92156869173,0.309803932905,0.309803932905,1],"ix":4},"o":{"a":0,"k":100,"ix":5},"r":1,"bm":0,"nm":"Fill 1","mn":"ADBE Vector Graphic - Fill","hd":false},{"ty":"tr","p":{"a":0,"k":[219.039,80.39],"ix":2},"a":{"a":0,"k":[0,0],"ix":1},"s":{"a":0,"k":[100,100],"ix":3},"r":{"a":0,"k":0,"ix":6},"o":{"a":0,"k":100,"ix":7},"sk":{"a":0,"k":0,"ix":4},"sa":{"a":0,"k":0,"ix":5},"nm":"Transform"}],"nm":"Group 30","np":4,"cix":2,"bm":0,"ix":1,"mn":"ADBE Vector Group","hd":false},{"ty":"tr","p":{"a":0,"k":[580.645,462.567],"ix":2},"a":{"a":0,"k":[217.645,80.567],"ix":1},"s":{"a":1,"k":[{"i":{"x":[0.667,0.667],"y":[1,1]},"o":{"x":[0.333,0.333],"y":[0,0]},"t":35,"s":[100,100]},{"i":{"x":[0.667,0.667],"y":[1,1]},"o":{"x":[0.333,0.333],"y":[0,0]},"t":45,"s":[130,130]},{"i":{"x":[0.667,0.667],"y":[1,1]},"o":{"x":[0.333,0.333],"y":[0,0]},"t":55,"s":[70,70]},{"t":65,"s":[100,100]}],"ix":3},"r":{"a":0,"k":0,"ix":6},"o":{"a":0,"k":100,"ix":7},"sk":{"a":0,"k":0,"ix":4},"sa":{"a":0,"k":0,"ix":5},"nm":"Transform"}],"nm":"CIrcle","np":1,"cix":2,"bm":0,"ix":3,"mn":"ADBE Vector Group","hd":false},{"ty":"gr","it":[{"ty":"gr","it":[{"ind":0,"ty":"sh","ix":1,"ks":{"a":0,"k":{"i":[[0,0],[4.368,3.42],[1.203,-0.776],[4.092,1.85],[1.121,0.309],[2.795,2.658],[-1.031,-0.977],[-3.028,1.211],[-3.589,-0.169],[-0.622,0.575],[-1.807,-1.66],[-0.517,-0.18],[-4.315,1.354],[1.362,-0.424]],"o":[[-4.164,1.304],[-1.106,-0.862],[-2.482,1.602],[-1.078,-0.485],[-3.028,-0.833],[-1.031,-0.977],[2.464,2.339],[3.219,-1.286],[0.927,0.043],[1.584,-1.469],[0.399,0.366],[4.724,1.645],[1.351,-0.424],[0,0]],"v":[[18.32,-2.427],[7.338,-2.172],[2.7,-2.437],[-5.347,-0.203],[-8.627,-1.766],[-17.666,-0.681],[-19.225,0.875],[-11.537,1.227],[-1.568,3.034],[1.223,1.597],[7.14,0.537],[8.53,1.424],[18.905,-0.307],[18.32,-2.43]],"c":false},"ix":2},"nm":"Path 1","mn":"ADBE Vector Shape - Group","hd":false},{"ty":"fl","c":{"a":0,"k":[0.65098041296,0.819607913494,0.988235354424,1],"ix":4},"o":{"a":0,"k":100,"ix":5},"r":1,"bm":0,"nm":"Fill 1","mn":"ADBE Vector Graphic - Fill","hd":false},{"ty":"tr","p":{"a":0,"k":[209.031,160.549],"ix":2},"a":{"a":0,"k":[0,0],"ix":1},"s":{"a":0,"k":[100,100],"ix":3},"r":{"a":0,"k":0,"ix":6},"o":{"a":0,"k":100,"ix":7},"sk":{"a":0,"k":0,"ix":4},"sa":{"a":0,"k":0,"ix":5},"nm":"Transform"}],"nm":"Group 31","np":2,"cix":2,"bm":0,"ix":1,"mn":"ADBE Vector Group","hd":false},{"ty":"tr","p":{"a":0,"k":[500,500],"ix":2},"a":{"a":0,"k":[137,118],"ix":1},"s":{"a":0,"k":[100,100],"ix":3},"r":{"a":0,"k":0,"ix":6},"o":{"a":0,"k":100,"ix":7},"sk":{"a":0,"k":0,"ix":4},"sa":{"a":0,"k":0,"ix":5},"nm":"Transform"}],"nm":"Group 31","np":1,"cix":2,"bm":0,"ix":4,"mn":"ADBE Vector Group","hd":false},{"ty":"gr","it":[{"ty":"gr","it":[{"ind":0,"ty":"sh","ix":1,"ks":{"a":0,"k":{"i":[[0,0],[-0.011,7.85],[0,0],[0.029,-7.781],[9.628,0.119]],"o":[[-0.086,-7.85],[0,0],[-0.025,7.778],[-9.631,0.129],[0,0]],"v":[[-14.496,11.699],[-14.496,-11.846],[14.589,-11.846],[14.384,11.494],[-14.499,11.699]],"c":false},"ix":2},"nm":"Path 1","mn":"ADBE Vector Shape - Group","hd":false},{"ind":1,"ty":"sh","ix":2,"ks":{"a":0,"k":{"i":[[0,0],[0.025,0.018],[0.302,0],[0,0],[0,-0.6],[-0.111,-8.579],[-0.607,-0.007],[-10.357,0.133],[-0.004,0.604],[-0.014,8.511],[0.158,0.172],[0.022,0.022]],"o":[[-0.025,-0.025],[-0.176,-0.154],[0,0],[-0.604,0],[-0.011,8.582],[0.007,0.607],[10.361,0.154],[0.6,-0.007],[0.014,-8.511],[0,-0.305],[-0.018,-0.022],[0,0]],"v":[[16.475,-13.721],[16.396,-13.783],[15.699,-14.048],[-15.588,-14.048],[-16.691,-12.945],[-16.691,12.795],[-15.588,13.894],[15.48,13.678],[16.583,12.579],[16.802,-12.945],[16.529,-13.65],[16.479,-13.718]],"c":false},"ix":2},"nm":"Path 2","mn":"ADBE Vector Shape - Group","hd":false},{"ty":"mm","mm":1,"nm":"Merge Paths 1","mn":"ADBE Vector Filter - Merge","hd":false},{"ty":"fl","c":{"a":0,"k":[0.988235354424,0.741176486015,0.239215701818,1],"ix":4},"o":{"a":0,"k":100,"ix":5},"r":1,"bm":0,"nm":"Fill 1","mn":"ADBE Vector Graphic - Fill","hd":false},{"ty":"tr","p":{"a":0,"k":[209.191,193.78],"ix":2},"a":{"a":0,"k":[0,0],"ix":1},"s":{"a":0,"k":[100,100],"ix":3},"r":{"a":0,"k":0,"ix":6},"o":{"a":0,"k":100,"ix":7},"sk":{"a":0,"k":0,"ix":4},"sa":{"a":0,"k":0,"ix":5},"nm":"Transform"}],"nm":"Group 32","np":4,"cix":2,"bm":0,"ix":1,"mn":"ADBE Vector Group","hd":false},{"ty":"tr","p":{"a":0,"k":[572.113,575.966],"ix":2},"a":{"a":0,"k":[209.113,193.966],"ix":1},"s":{"a":1,"k":[{"i":{"x":[0.667,0.667],"y":[1,1]},"o":{"x":[0.333,0.333],"y":[0,0]},"t":75,"s":[100,100]},{"i":{"x":[0.667,0.667],"y":[1,1]},"o":{"x":[0.333,0.333],"y":[0,0]},"t":85,"s":[130,130]},{"i":{"x":[0.667,0.667],"y":[1,1]},"o":{"x":[0.333,0.333],"y":[0,0]},"t":95,"s":[70,70]},{"t":105,"s":[100,100]}],"ix":3},"r":{"a":0,"k":0,"ix":6},"o":{"a":0,"k":100,"ix":7},"sk":{"a":0,"k":0,"ix":4},"sa":{"a":0,"k":0,"ix":5},"nm":"Transform"}],"nm":"Box","np":1,"cix":2,"bm":0,"ix":5,"mn":"ADBE Vector Group","hd":false},{"ty":"gr","it":[{"ty":"gr","it":[{"ind":0,"ty":"sh","ix":1,"ks":{"a":0,"k":{"i":[[0,0],[0.535,-0.37],[2.367,1.329],[2.008,-0.313],[2.878,3.797],[-0.859,-1.132],[-4.336,1.66],[-3.434,-0.309],[-1.498,-1.372],[1.049,0.959],[1.678,-0.46]],"o":[[-0.65,0.176],[-2.684,1.857],[-1.803,-1.013],[-3.255,0.514],[-0.844,-1.117],[3.269,4.318],[3.833,-1.466],[2.227,0.201],[1.045,0.956],[-1.157,-1.06],[0,0]],"v":[[11.492,-1.818],[9.718,-0.794],[1.76,-1.89],[-3.747,-2.917],[-13.738,-2.155],[-15.638,-1.045],[-4.218,-0.481],[5.335,2.073],[13.892,1.38],[15.448,-0.176],[11.499,-1.818]],"c":false},"ix":2},"nm":"Path 1","mn":"ADBE Vector Shape - Group","hd":false},{"ty":"fl","c":{"a":0,"k":[0.65098041296,0.819607913494,0.988235354424,1],"ix":4},"o":{"a":0,"k":100,"ix":5},"r":1,"bm":0,"nm":"Fill 1","mn":"ADBE Vector Graphic - Fill","hd":false},{"ty":"tr","p":{"a":0,"k":[161.612,205.55],"ix":2},"a":{"a":0,"k":[0,0],"ix":1},"s":{"a":0,"k":[100,100],"ix":3},"r":{"a":0,"k":0,"ix":6},"o":{"a":0,"k":100,"ix":7},"sk":{"a":0,"k":0,"ix":4},"sa":{"a":0,"k":0,"ix":5},"nm":"Transform"}],"nm":"Group 33","np":2,"cix":2,"bm":0,"ix":1,"mn":"ADBE Vector Group","hd":false},{"ty":"tr","p":{"a":0,"k":[500,500],"ix":2},"a":{"a":0,"k":[137,118],"ix":1},"s":{"a":0,"k":[100,100],"ix":3},"r":{"a":0,"k":0,"ix":6},"o":{"a":0,"k":100,"ix":7},"sk":{"a":0,"k":0,"ix":4},"sa":{"a":0,"k":0,"ix":5},"nm":"Transform"}],"nm":"Group 33","np":1,"cix":2,"bm":0,"ix":6,"mn":"ADBE Vector Group","hd":false},{"ty":"gr","it":[{"ty":"gr","it":[{"ind":0,"ty":"sh","ix":1,"ks":{"a":0,"k":{"i":[[-3.941,0],[-0.632,-0.507],[-0.992,0],[-0.42,0.359],[-2.041,-0.675],[-3.158,2.278],[1.153,-0.83],[1.182,-0.844],[2.349,0.905],[1.25,-1.293],[0.736,0],[2.734,2.098],[-1.106,-0.855]],"o":[[0.819,0],[0.661,0.528],[0.542,0],[2.191,-1.904],[4.042,1.34],[1.142,-0.823],[-1.182,0.851],[-3.442,2.457],[-1.714,-0.661],[-0.269,0.277],[-3.452,0],[-1.128,-0.866],[3.298,2.533]],"v":[[-6.621,0.645],[-2.522,0.702],[-0.384,2.114],[1.268,1.45],[6.524,2.398],[15.951,-0.605],[14.84,-2.506],[11.309,0.11],[3.909,-1.841],[0.582,-0.864],[-3.47,-1.554],[-14.873,-2.872],[-15.986,-0.972]],"c":true},"ix":2},"nm":"Path 1","mn":"ADBE Vector Shape - Group","hd":false},{"ty":"fl","c":{"a":0,"k":[0.65098041296,0.819607913494,0.988235354424,1],"ix":4},"o":{"a":0,"k":100,"ix":5},"r":1,"bm":0,"nm":"Fill 1","mn":"ADBE Vector Graphic - Fill","hd":false},{"ty":"tr","p":{"a":0,"k":[160.883,191.193],"ix":2},"a":{"a":0,"k":[0,0],"ix":1},"s":{"a":0,"k":[100,100],"ix":3},"r":{"a":0,"k":0,"ix":6},"o":{"a":0,"k":100,"ix":7},"sk":{"a":0,"k":0,"ix":4},"sa":{"a":0,"k":0,"ix":5},"nm":"Transform"}],"nm":"Group 34","np":2,"cix":2,"bm":0,"ix":1,"mn":"ADBE Vector Group","hd":false},{"ty":"tr","p":{"a":0,"k":[500,500],"ix":2},"a":{"a":0,"k":[137,118],"ix":1},"s":{"a":0,"k":[100,100],"ix":3},"r":{"a":0,"k":0,"ix":6},"o":{"a":0,"k":100,"ix":7},"sk":{"a":0,"k":0,"ix":4},"sa":{"a":0,"k":0,"ix":5},"nm":"Transform"}],"nm":"Group 34","np":1,"cix":2,"bm":0,"ix":7,"mn":"ADBE Vector Group","hd":false},{"ty":"gr","it":[{"ty":"gr","it":[{"ind":0,"ty":"sh","ix":1,"ks":{"a":0,"k":{"i":[[0,0],[-8.744,0.108],[0,0.607],[-0.014,7.185],[0.158,0.176],[0.014,0.022],[0.029,0.022],[0.298,0],[0,0],[0,-0.6],[-0.093,-7.246],[-0.607,-0.007]],"o":[[8.748,0.126],[0.604,-0.007],[0.014,-7.185],[0,-0.305],[-0.014,-0.022],[-0.025,-0.025],[-0.172,-0.154],[0,0],[-0.604,0],[-0.011,7.246],[0.007,0.607],[0,0]],"v":[[-13.163,11.905],[13.069,11.726],[14.172,10.623],[14.355,-10.928],[14.082,-11.636],[14.036,-11.701],[13.95,-11.765],[13.26,-12.031],[-13.159,-12.031],[-14.262,-10.928],[-14.262,10.806],[-13.159,11.905]],"c":false},"ix":2},"nm":"Path 1","mn":"ADBE Vector Shape - Group","hd":false},{"ty":"fl","c":{"a":0,"k":[0.65098041296,0.819607913494,0.988235354424,1],"ix":4},"o":{"a":0,"k":100,"ix":5},"r":1,"bm":0,"nm":"Fill 1","mn":"ADBE Vector Graphic - Fill","hd":false},{"ty":"tr","p":{"a":0,"k":[159.169,167.175],"ix":2},"a":{"a":0,"k":[0,0],"ix":1},"s":{"a":0,"k":[100,100],"ix":3},"r":{"a":0,"k":0,"ix":6},"o":{"a":0,"k":100,"ix":7},"sk":{"a":0,"k":0,"ix":4},"sa":{"a":0,"k":0,"ix":5},"nm":"Transform"}],"nm":"Group 35","np":2,"cix":2,"bm":0,"ix":1,"mn":"ADBE Vector Group","hd":false},{"ty":"tr","p":{"a":0,"k":[500,500],"ix":2},"a":{"a":0,"k":[137,118],"ix":1},"s":{"a":0,"k":[100,100],"ix":3},"r":{"a":0,"k":0,"ix":6},"o":{"a":0,"k":100,"ix":7},"sk":{"a":0,"k":0,"ix":4},"sa":{"a":0,"k":0,"ix":5},"nm":"Transform"}],"nm":"Group 35","np":1,"cix":2,"bm":0,"ix":8,"mn":"ADBE Vector Group","hd":false},{"ty":"gr","it":[{"ty":"gr","it":[{"ind":0,"ty":"sh","ix":1,"ks":{"a":0,"k":{"i":[[0,0],[-3.828,1.766],[-2.619,-0.514],[2.908,0.654],[5.755,1.297],[2.885,-0.862],[0.557,-0.539],[1.667,1.031],[1.268,-1.063],[3.345,-0.104],[2.058,-0.309],[1.918,0.535],[0.424,-0.262],[2.644,0],[-1.423,0],[-0.801,0.514],[-2.457,-1.581],[-4.458,-2.486],[-2.069,1.534],[-2.371,-2.062],[-0.941,0],[-0.471,0.366],[-3.161,-0.905]],"o":[[3.991,1.142],[3.617,-1.669],[1.606,0.316],[-9.778,-2.198],[-2.775,-0.625],[-0.78,0.234],[-1.584,1.53],[-1.724,-1.071],[-2.806,2.357],[-2.084,0.065],[-2.105,0.32],[-0.507,-0.14],[-2.12,1.311],[-1.423,0],[0.88,0],[1.735,-1.117],[4.372,2.809],[1.635,0.909],[1.688,-1.25],[0.679,0.589],[0.632,0],[2.321,-1.814],[0,0]],"v":[[8.158,-0.419],[19.213,0.225],[31.217,-0.953],[31.301,-3.099],[11.776,-1.64],[3.14,-3.156],[0.941,-1.399],[-3.945,-1.41],[-8.564,-0.066],[-18.634,-1.177],[-24.871,-0.426],[-30.669,-2.301],[-32.293,-1.956],[-38.116,0.411],[-38.116,2.614],[-34.811,2.463],[-29.113,0.81],[-15.275,1.525],[-9.265,3.271],[-3.65,1.514],[-1.243,2.61],[0.593,1.812],[8.155,-0.415]],"c":false},"ix":2},"nm":"Path 1","mn":"ADBE Vector Shape - Group","hd":false},{"ty":"fl","c":{"a":0,"k":[0.65098041296,0.819607913494,0.988235354424,1],"ix":4},"o":{"a":0,"k":100,"ix":5},"r":1,"bm":0,"nm":"Fill 1","mn":"ADBE Vector Graphic - Fill","hd":false},{"ty":"tr","p":{"a":0,"k":[184.122,140.431],"ix":2},"a":{"a":0,"k":[0,0],"ix":1},"s":{"a":0,"k":[100,100],"ix":3},"r":{"a":0,"k":0,"ix":6},"o":{"a":0,"k":100,"ix":7},"sk":{"a":0,"k":0,"ix":4},"sa":{"a":0,"k":0,"ix":5},"nm":"Transform"}],"nm":"Group 36","np":2,"cix":2,"bm":0,"ix":1,"mn":"ADBE Vector Group","hd":false},{"ty":"tr","p":{"a":0,"k":[500,500],"ix":2},"a":{"a":0,"k":[137,118],"ix":1},"s":{"a":0,"k":[100,100],"ix":3},"r":{"a":0,"k":0,"ix":6},"o":{"a":0,"k":100,"ix":7},"sk":{"a":0,"k":0,"ix":4},"sa":{"a":0,"k":0,"ix":5},"nm":"Transform"}],"nm":"Group 36","np":1,"cix":2,"bm":0,"ix":9,"mn":"ADBE Vector Group","hd":false},{"ty":"gr","it":[{"ty":"gr","it":[{"ind":0,"ty":"sh","ix":1,"ks":{"a":0,"k":{"i":[[0,0],[-1.753,-0.065],[-1.024,-1.39],[-2.497,1.383],[-3.345,0],[-2.335,-0.611],[-1.124,0.715],[-2.102,0.539],[-1.642,-2.026],[-1.405,0],[-2.734,1.423],[-2.375,0.776],[-1.703,-1.117],[-4.16,-1.897],[1.293,0.586],[2.993,4.997],[0.485,-0.115],[4.936,-2.669],[2.493,2.446],[1.106,-0.28],[1.965,-1.304],[1.836,0.636],[3.319,0],[2.831,4.383],[0.395,-0.032],[3.057,2.188],[-1.142,-0.815]],"o":[[1.433,1.024],[1.958,0.072],[1.735,2.357],[3.068,-1.699],[3.564,0],[1.29,0.338],[1.879,-1.196],[2.454,-0.625],[0.801,0.988],[3.237,0],[2.224,-1.157],[2.227,-0.729],[3.743,2.454],[1.283,0.582],[-4.573,-2.08],[-0.262,-0.435],[-5.525,1.297],[-3.869,2.094],[-0.977,-0.963],[-2.249,0.575],[-2.468,1.627],[-3.151,-1.092],[-2.357,0],[-0.201,-0.309],[-3.37,0.259],[-1.157,-0.826],[0,0]],"v":[[-40.801,-0.011],[-36.57,1.351],[-29.503,0.564],[-23.198,1.969],[-13.61,0.69],[-9.005,3.707],[-6.447,3.348],[-1.18,1.362],[3.4,3.036],[6.533,5.091],[15.841,0.794],[22.864,-1.951],[27.186,0.05],[39.548,-1.11],[40.658,-3.01],[26.194,-4.268],[24.951,-4.774],[9.745,1.649],[3.034,-0.945],[-0.62,-1.085],[-6.626,0.772],[-10.635,-1.225],[-21.539,-1.509],[-28.292,-1.516],[-29.244,-2.058],[-39.695,-1.908],[-40.809,-0.007]],"c":false},"ix":2},"nm":"Path 1","mn":"ADBE Vector Shape - Group","hd":false},{"ty":"fl","c":{"a":0,"k":[0.65098041296,0.819607913494,0.988235354424,1],"ix":4},"o":{"a":0,"k":100,"ix":5},"r":1,"bm":0,"nm":"Fill 1","mn":"ADBE Vector Graphic - Fill","hd":false},{"ty":"tr","p":{"a":0,"k":[186.251,120.333],"ix":2},"a":{"a":0,"k":[0,0],"ix":1},"s":{"a":0,"k":[100,100],"ix":3},"r":{"a":0,"k":0,"ix":6},"o":{"a":0,"k":100,"ix":7},"sk":{"a":0,"k":0,"ix":4},"sa":{"a":0,"k":0,"ix":5},"nm":"Transform"}],"nm":"Group 37","np":2,"cix":2,"bm":0,"ix":1,"mn":"ADBE Vector Group","hd":false},{"ty":"tr","p":{"a":0,"k":[500,500],"ix":2},"a":{"a":0,"k":[137,118],"ix":1},"s":{"a":0,"k":[100,100],"ix":3},"r":{"a":0,"k":0,"ix":6},"o":{"a":0,"k":100,"ix":7},"sk":{"a":0,"k":0,"ix":4},"sa":{"a":0,"k":0,"ix":5},"nm":"Transform"}],"nm":"Group 37","np":1,"cix":2,"bm":0,"ix":10,"mn":"ADBE Vector Group","hd":false},{"ty":"gr","it":[{"ty":"gr","it":[{"ind":0,"ty":"sh","ix":1,"ks":{"a":0,"k":{"i":[[0,0],[5.335,-0.851],[6.244,0.33],[0.945,-0.6],[2.479,0.492],[4.39,2.741],[3.614,-1.175],[1.836,1.48],[0.621,-0.219],[1.2,-1.042],[2.274,1.333],[0.905,-1.311],[-0.801,1.157],[-2.508,0.69],[-2.939,-3.715],[-1.67,0.542],[-1.681,-1.114],[-1.318,-0.323],[-4.243,-3.018],[-2.267,1.437],[-4.286,-0.255],[-6.966,-2.86],[1.293,0.532]],"o":[[-5.134,-2.105],[-6.413,1.024],[-1.221,-0.065],[-2.86,1.818],[-3.909,-0.776],[-3.226,-2.012],[-2.752,0.895],[-0.496,-0.395],[-1.505,0.528],[-2.382,2.062],[-1.99,-1.168],[-0.812,1.171],[1.987,-2.878],[3.161,-0.869],[1.57,1.979],[2.03,-0.661],[1.128,0.744],[3.733,0.916],[2.461,1.753],[3.797,-2.414],[7.005,0.413],[1.311,0.539],[0,0]],"v":[[42.479,-1.101],[27.035,-1.636],[9.163,-3.343],[5.398,-1.252],[-2.1,-2.754],[-11.792,-1.561],[-21.133,-0.839],[-26.507,-2.779],[-28.551,-3.307],[-32.269,-1.098],[-38.43,-1.565],[-42.964,1.051],[-41.064,2.164],[-34.019,2.671],[-25.699,1.593],[-17.221,0.207],[-12.899,0.343],[-9.285,2.121],[0.066,0.684],[7.672,-0.084],[21.826,1.062],[41.897,1.022],[42.483,-1.101]],"c":false},"ix":2},"nm":"Path 1","mn":"ADBE Vector Shape - Group","hd":false},{"ty":"fl","c":{"a":0,"k":[0.65098041296,0.819607913494,0.988235354424,1],"ix":4},"o":{"a":0,"k":100,"ix":5},"r":1,"bm":0,"nm":"Fill 1","mn":"ADBE Vector Graphic - Fill","hd":false},{"ty":"tr","p":{"a":0,"k":[186.373,99.599],"ix":2},"a":{"a":0,"k":[0,0],"ix":1},"s":{"a":0,"k":[100,100],"ix":3},"r":{"a":0,"k":0,"ix":6},"o":{"a":0,"k":100,"ix":7},"sk":{"a":0,"k":0,"ix":4},"sa":{"a":0,"k":0,"ix":5},"nm":"Transform"}],"nm":"Group 38","np":2,"cix":2,"bm":0,"ix":1,"mn":"ADBE Vector Group","hd":false},{"ty":"tr","p":{"a":0,"k":[500,500],"ix":2},"a":{"a":0,"k":[137,118],"ix":1},"s":{"a":0,"k":[100,100],"ix":3},"r":{"a":0,"k":0,"ix":6},"o":{"a":0,"k":100,"ix":7},"sk":{"a":0,"k":0,"ix":4},"sa":{"a":0,"k":0,"ix":5},"nm":"Transform"}],"nm":"Group 38","np":1,"cix":2,"bm":0,"ix":11,"mn":"ADBE Vector Group","hd":false},{"ty":"gr","it":[{"ty":"gr","it":[{"ind":0,"ty":"sh","ix":1,"ks":{"a":0,"k":{"i":[[0,0],[-1.43,0.92],[-3.855,2.328],[-3.312,0],[-1.929,1.509],[-4.379,1.908],[-0.855,-0.963],[-1.415,-0.219],[-1.685,1.969],[0.923,-1.081],[2.799,3.169],[0.413,-0.234],[1.236,6.517],[0.56,-0.381],[1.807,-1.106],[1.879,0.826],[1.642,5.838],[0.604,-0.395],[1.778,-1.527],[-1.071,0.92]],"o":[[1.293,-1.11],[1.735,4.131],[3.528,-2.134],[2.001,0],[1.286,4.052],[0.887,-0.384],[1.009,1.142],[2.809,0.442],[0.92,-1.071],[-2.669,3.118],[-0.331,-0.374],[-3.334,1.879],[-0.126,-0.675],[-1.753,1.186],[-2.414,1.477],[-2.928,-1.286],[-0.187,-0.657],[-1.962,1.279],[-1.081,0.927],[0,0]],"v":[[-23.904,2.94],[-19.755,-0.013],[-11.183,0.433],[-4.322,2.714],[2.166,-0.932],[10.68,2.132],[14.607,0.763],[18.684,2.545],[25.625,-0.911],[24.07,-2.466],[15.171,-1.917],[13.835,-2.089],[3.894,-3.081],[2.278,-3.738],[-3.025,-0.257],[-8.169,-2.639],[-18.12,-1.981],[-19.737,-2.639],[-25.463,1.385],[-23.908,2.94]],"c":false},"ix":2},"nm":"Path 1","mn":"ADBE Vector Shape - Group","hd":false},{"ty":"fl","c":{"a":0,"k":[0.65098041296,0.819607913494,0.988235354424,1],"ix":4},"o":{"a":0,"k":100,"ix":5},"r":1,"bm":0,"nm":"Fill 1","mn":"ADBE Vector Graphic - Fill","hd":false},{"ty":"tr","p":{"a":0,"k":[170.137,79.787],"ix":2},"a":{"a":0,"k":[0,0],"ix":1},"s":{"a":0,"k":[100,100],"ix":3},"r":{"a":0,"k":0,"ix":6},"o":{"a":0,"k":100,"ix":7},"sk":{"a":0,"k":0,"ix":4},"sa":{"a":0,"k":0,"ix":5},"nm":"Transform"}],"nm":"Group 39","np":2,"cix":2,"bm":0,"ix":1,"mn":"ADBE Vector Group","hd":false},{"ty":"tr","p":{"a":0,"k":[500,500],"ix":2},"a":{"a":0,"k":[137,118],"ix":1},"s":{"a":0,"k":[100,100],"ix":3},"r":{"a":0,"k":0,"ix":6},"o":{"a":0,"k":100,"ix":7},"sk":{"a":0,"k":0,"ix":4},"sa":{"a":0,"k":0,"ix":5},"nm":"Transform"}],"nm":"Group 39","np":1,"cix":2,"bm":0,"ix":12,"mn":"ADBE Vector Group","hd":false},{"ty":"gr","it":[{"ty":"gr","it":[{"ind":0,"ty":"sh","ix":1,"ks":{"a":0,"k":{"i":[[-5.141,-5.791],[2.852,-5.791],[5.572,4.828],[-5.712,4.505]],"o":[[5.378,6.06],[-2.856,5.791],[-5.568,-4.825],[7.997,-6.434]],"v":[[53.142,-78.028],[53.142,78.028],[-50.695,78.028],[-52.807,-76.419]],"c":true},"ix":2},"nm":"Path 1","mn":"ADBE Vector Shape - Group","hd":false},{"ty":"fl","c":{"a":0,"k":[1,1,1,1],"ix":4},"o":{"a":0,"k":100,"ix":5},"r":1,"bm":0,"nm":"Fill 1","mn":"ADBE Vector Graphic - Fill","hd":false},{"ty":"tr","p":{"a":0,"k":[187.365,140.875],"ix":2},"a":{"a":0,"k":[0,0],"ix":1},"s":{"a":0,"k":[100,100],"ix":3},"r":{"a":0,"k":0,"ix":6},"o":{"a":0,"k":100,"ix":7},"sk":{"a":0,"k":0,"ix":4},"sa":{"a":0,"k":0,"ix":5},"nm":"Transform"}],"nm":"Group 40","np":2,"cix":2,"bm":0,"ix":1,"mn":"ADBE Vector Group","hd":false},{"ty":"tr","p":{"a":0,"k":[500,500],"ix":2},"a":{"a":0,"k":[137,118],"ix":1},"s":{"a":0,"k":[100,100],"ix":3},"r":{"a":0,"k":0,"ix":6},"o":{"a":0,"k":100,"ix":7},"sk":{"a":0,"k":0,"ix":4},"sa":{"a":0,"k":0,"ix":5},"nm":"Transform"}],"nm":"Group 40","np":1,"cix":2,"bm":0,"ix":13,"mn":"ADBE Vector Group","hd":false}],"ip":0,"op":3600,"st":0,"ct":1,"bm":0},{"ddd":0,"ind":5,"ty":4,"nm":"BG","sr":1,"ks":{"p":{"a":0,"k":[489.1,518,0],"ix":2,"l":2},"a":{"a":0,"k":[137,118,0],"ix":1,"l":2},"s":{"a":0,"k":[363.319,363.319,100],"ix":6,"l":2}},"ao":0,"shapes":[{"ty":"gr","it":[{"ind":0,"ty":"sh","ix":1,"ks":{"a":0,"k":{"i":[[0,0],[63.888,-5.496],[27.303,-23.179],[-12.337,-38.565],[-68.921,35.81],[26.573,54.404]],"o":[[0,0],[-63.888,5.5],[-27.296,23.175],[16.288,50.923],[44.705,-38.015],[0,0]],"v":[[81.249,-54.015],[19.013,-108.042],[-59.008,-25.386],[-95.486,60.089],[63.06,95.45],[81.249,-54.011]],"c":false},"ix":2},"nm":"Path 1","mn":"ADBE Vector Shape - Group","hd":false},{"ty":"fl","c":{"a":0,"k":[0.729411764706,0.870588295133,1,1],"ix":4},"o":{"a":0,"k":100,"ix":5},"r":1,"bm":0,"nm":"Fill 1","mn":"ADBE Vector Graphic - Fill","hd":false},{"ty":"tr","p":{"a":0,"k":[129.389,122.462],"ix":2},"a":{"a":0,"k":[0,0],"ix":1},"s":{"a":0,"k":[100,100],"ix":3},"r":{"a":0,"k":0,"ix":6},"o":{"a":0,"k":100,"ix":7},"sk":{"a":0,"k":0,"ix":4},"sa":{"a":0,"k":0,"ix":5},"nm":"Transform"}],"nm":"Group 41","np":4,"cix":2,"bm":0,"ix":1,"mn":"ADBE Vector Group","hd":false}],"ip":0,"op":3600,"st":0,"ct":1,"bm":0}]}],"layers":[{"ddd":0,"ind":1,"ty":3,"nm":"Null 2","sr":1,"ks":{"o":{"a":0,"k":0,"ix":11},"p":{"a":0,"k":[876,376,0],"ix":2,"l":2},"a":{"a":0,"k":[50,50,0],"ix":1,"l":2}},"ao":0,"ip":0,"op":3600,"st":0,"bm":0},{"ddd":0,"ind":2,"ty":3,"nm":"Null 1","sr":1,"ks":{"o":{"a":0,"k":0,"ix":11},"p":{"a":0,"k":[750,728,0],"ix":2,"l":2},"a":{"a":0,"k":[50,50,0],"ix":1,"l":2},"s":{"a":0,"k":[832,832,100],"ix":6,"l":2}},"ao":0,"ip":0,"op":3600,"st":0,"bm":0},{"ddd":0,"ind":3,"ty":4,"nm":"Magnifying glass","parent":2,"sr":1,"ks":{"r":{"a":1,"k":[{"i":{"x":[0.667],"y":[1]},"o":{"x":[0.333],"y":[0]},"t":5,"s":[-71]},{"i":{"x":[0.667],"y":[1]},"o":{"x":[0.333],"y":[0]},"t":35,"s":[-0.4]},{"i":{"x":[0.667],"y":[1]},"o":{"x":[0.333],"y":[0]},"t":55,"s":[-0.4]},{"i":{"x":[0.667],"y":[1]},"o":{"x":[0.333],"y":[0]},"t":85,"s":[-71.4]},{"i":{"x":[0.667],"y":[1]},"o":{"x":[0.333],"y":[0]},"t":105,"s":[-71.4]},{"i":{"x":[0.667],"y":[1]},"o":{"x":[0.333],"y":[0]},"t":135,"s":[13.6]},{"i":{"x":[0.667],"y":[1]},"o":{"x":[0.333],"y":[0]},"t":155,"s":[13.6]},{"i":{"x":[0.667],"y":[1]},"o":{"x":[0.333],"y":[0]},"t":185,"s":[-53.4]},{"i":{"x":[0.667],"y":[1]},"o":{"x":[0.333],"y":[0]},"t":205,"s":[-53.4]},{"i":{"x":[0.667],"y":[1]},"o":{"x":[0.333],"y":[0]},"t":235,"s":[-9.4]},{"i":{"x":[0.667],"y":[1]},"o":{"x":[0.333],"y":[0]},"t":255,"s":[-9.4]},{"t":285,"s":[-71]}],"ix":10},"p":{"a":1,"k":[{"i":{"x":0.667,"y":1},"o":{"x":0.333,"y":0},"t":0,"s":[97.892,76.765,0],"to":[7.157,-9.938,0],"ti":[0,0,0]},{"i":{"x":0.667,"y":0.667},"o":{"x":0.333,"y":0.333},"t":30,"s":[48.372,15.466,0],"to":[0,0,0],"ti":[0,0,0]},{"i":{"x":0.667,"y":1},"o":{"x":0.333,"y":0},"t":50,"s":[48.372,15.466,0],"to":[0,0,0],"ti":[0,0,0]},{"i":{"x":0.667,"y":0.667},"o":{"x":0.333,"y":0.333},"t":80,"s":[92.122,43.111,0],"to":[0,0,0],"ti":[0,0,0]},{"i":{"x":0.667,"y":1},"o":{"x":0.333,"y":0},"t":100,"s":[92.122,43.111,0],"to":[0,0,0],"ti":[0,0,0]},{"i":{"x":0.667,"y":0.667},"o":{"x":0.333,"y":0.333},"t":130,"s":[65.8,110.418,0],"to":[0,0,0],"ti":[0,0,0]},{"i":{"x":0.667,"y":1},"o":{"x":0.333,"y":0},"t":150,"s":[65.8,110.418,0],"to":[0,0,0],"ti":[0,0,0]},{"i":{"x":0.667,"y":0.667},"o":{"x":0.333,"y":0.333},"t":180,"s":[28.661,99.361,0],"to":[0,0,0],"ti":[0,0,0]},{"i":{"x":0.667,"y":1},"o":{"x":0.333,"y":0},"t":200,"s":[28.661,99.361,0],"to":[0,0,0],"ti":[0,0,0]},{"i":{"x":0.667,"y":0.667},"o":{"x":0.333,"y":0.333},"t":230,"s":[-15.69,69.433,0],"to":[0,0,0],"ti":[0,0,0]},{"i":{"x":0.667,"y":1},"o":{"x":0.333,"y":0},"t":250,"s":[-15.69,69.433,0],"to":[0,0,0],"ti":[0,0,0]},{"i":{"x":0.667,"y":0.667},"o":{"x":0.333,"y":0.333},"t":280,"s":[97.892,76.765,0],"to":[0,0,0],"ti":[0,0,0]},{"t":300,"s":[97.892,76.765,0]}],"ix":2,"l":2},"a":{"a":0,"k":[452.482,488.077,0],"ix":1,"l":2},"s":{"a":0,"k":[43.668,43.668,100],"ix":6,"l":2}},"ao":0,"shapes":[{"ty":"gr","it":[{"ind":0,"ty":"sh","ix":1,"ks":{"a":0,"k":{"i":[[1.607,2.561],[-1.549,-2.257]],"o":[[-1.882,-3],[1.846,2.691]],"v":[[368.39,285.221],[359.111,294.644]],"c":true},"ix":2},"nm":"Path 1","mn":"ADBE Vector Shape - Group","hd":false},{"ty":"fl","c":{"a":0,"k":[0.848365993126,0.927479463465,1,1],"ix":4},"o":{"a":0,"k":100,"ix":5},"r":1,"bm":0,"nm":"Fill 1","mn":"ADBE Vector Graphic - Fill","hd":false},{"ty":"tr","p":{"a":0,"k":[85.473,150.031],"ix":2},"a":{"a":0,"k":[0,0],"ix":1},"s":{"a":0,"k":[100,100],"ix":3},"r":{"a":0,"k":0,"ix":6},"o":{"a":0,"k":100,"ix":7},"sk":{"a":0,"k":0,"ix":4},"sa":{"a":0,"k":0,"ix":5},"nm":"Transform"}],"nm":"Group 16","np":2,"cix":2,"bm":0,"ix":1,"mn":"ADBE Vector Group","hd":false},{"ty":"gr","it":[{"ty":"gr","it":[{"ind":0,"ty":"sh","ix":1,"ks":{"a":0,"k":{"i":[[0,0],[0,0],[0,0],[0,0]],"o":[[0,0],[0,0],[0,0],[0,0]],"v":[[-11.36,14.629],[4.427,-17.985],[11.36,-14.629],[-4.427,17.985]],"c":true},"ix":2},"nm":"Path 1","mn":"ADBE Vector Shape - Group","hd":false},{"ty":"fl","c":{"a":0,"k":[0.039215687662,0.168627455831,0.321568638086,1],"ix":4},"o":{"a":0,"k":100,"ix":5},"r":1,"bm":0,"nm":"Fill 1","mn":"ADBE Vector Graphic - Fill","hd":false},{"ty":"tr","p":{"a":0,"k":[69.148,147.694],"ix":2},"a":{"a":0,"k":[0,0],"ix":1},"s":{"a":0,"k":[100,100],"ix":3},"r":{"a":0,"k":0,"ix":6},"o":{"a":0,"k":100,"ix":7},"sk":{"a":0,"k":0,"ix":4},"sa":{"a":0,"k":0,"ix":5},"nm":"Transform"}],"nm":"Group 17","np":2,"cix":2,"bm":0,"ix":1,"mn":"ADBE Vector Group","hd":false},{"ty":"tr","p":{"a":0,"k":[500,500],"ix":2},"a":{"a":0,"k":[137,118],"ix":1},"s":{"a":0,"k":[100,100],"ix":3},"r":{"a":0,"k":0,"ix":6},"o":{"a":0,"k":100,"ix":7},"sk":{"a":0,"k":0,"ix":4},"sa":{"a":0,"k":0,"ix":5},"nm":"Transform"}],"nm":"Group 17","np":1,"cix":2,"bm":0,"ix":2,"mn":"ADBE Vector Group","hd":false},{"ty":"gr","it":[{"ty":"gr","it":[{"ind":0,"ty":"sh","ix":1,"ks":{"a":0,"k":{"i":[[18.735,9.071],[9.071,-18.738],[-18.735,-9.071],[-9.071,18.738]],"o":[[-18.738,-9.071],[-9.075,18.735],[18.738,9.075],[9.075,-18.738]],"v":[[16.428,-33.927],[-33.924,-16.428],[-16.428,33.924],[33.924,16.425]],"c":true},"ix":2},"nm":"Path 1","mn":"ADBE Vector Shape - Group","hd":false},{"ind":1,"ty":"sh","ix":2,"ks":{"a":0,"k":{"i":[[0,0],[7.469,-15.43],[15.426,7.472],[-7.472,15.43],[-15.433,-7.472]],"o":[[15.43,7.472],[-7.469,15.43],[-15.43,-7.472],[7.469,-15.43],[0,0]],"v":[[13.551,-27.982],[27.982,13.551],[-13.547,27.982],[-27.978,-13.551],[13.554,-27.982]],"c":false},"ix":2},"nm":"Path 2","mn":"ADBE Vector Shape - Group","hd":false},{"ty":"mm","mm":1,"nm":"Merge Paths 1","mn":"ADBE Vector Filter - Merge","hd":false},{"ty":"fl","c":{"a":0,"k":[0.039215687662,0.329411774874,1,1],"ix":4},"o":{"a":0,"k":100,"ix":5},"r":1,"bm":0,"nm":"Fill 1","mn":"ADBE Vector Graphic - Fill","hd":false},{"ty":"tr","p":{"a":0,"k":[105.11,73.437],"ix":2},"a":{"a":0,"k":[0,0],"ix":1},"s":{"a":0,"k":[100,100],"ix":3},"r":{"a":0,"k":0,"ix":6},"o":{"a":0,"k":100,"ix":7},"sk":{"a":0,"k":0,"ix":4},"sa":{"a":0,"k":0,"ix":5},"nm":"Transform"}],"nm":"Group 18","np":4,"cix":2,"bm":0,"ix":1,"mn":"ADBE Vector Group","hd":false},{"ty":"tr","p":{"a":0,"k":[500,500],"ix":2},"a":{"a":0,"k":[137,118],"ix":1},"s":{"a":0,"k":[100,100],"ix":3},"r":{"a":0,"k":0,"ix":6},"o":{"a":0,"k":100,"ix":7},"sk":{"a":0,"k":0,"ix":4},"sa":{"a":0,"k":0,"ix":5},"nm":"Transform"}],"nm":"Group 18","np":1,"cix":2,"bm":0,"ix":3,"mn":"ADBE Vector Group","hd":false},{"ty":"gr","it":[{"ty":"gr","it":[{"ind":0,"ty":"sh","ix":1,"ks":{"a":0,"k":{"i":[[-1.196,-0.438],[0,0],[1.915,0.93],[0.927,-1.915],[0,0],[-1.171,-0.568]],"o":[[0,0],[0.927,-1.915],[-1.915,-0.927],[0,0],[1.085,0.668],[1.171,0.568]],"v":[[2.608,3.858],[3.402,2.217],[1.613,-2.931],[-3.535,-1.142],[-4.329,0.499],[-0.945,2.353]],"c":true},"ix":2},"nm":"Path 1","mn":"ADBE Vector Shape - Group","hd":false},{"ty":"fl","c":{"a":0,"k":[0.039215687662,0.168627455831,0.321568638086,1],"ix":4},"o":{"a":0,"k":100,"ix":5},"r":1,"bm":0,"nm":"Fill 1","mn":"ADBE Vector Graphic - Fill","hd":false},{"ty":"tr","p":{"a":0,"k":[88.746,106.826],"ix":2},"a":{"a":0,"k":[0,0],"ix":1},"s":{"a":0,"k":[100,100],"ix":3},"r":{"a":0,"k":0,"ix":6},"o":{"a":0,"k":100,"ix":7},"sk":{"a":0,"k":0,"ix":4},"sa":{"a":0,"k":0,"ix":5},"nm":"Transform"}],"nm":"Group 19","np":2,"cix":2,"bm":0,"ix":1,"mn":"ADBE Vector Group","hd":false},{"ty":"tr","p":{"a":0,"k":[500,500],"ix":2},"a":{"a":0,"k":[137,118],"ix":1},"s":{"a":0,"k":[100,100],"ix":3},"r":{"a":0,"k":0,"ix":6},"o":{"a":0,"k":100,"ix":7},"sk":{"a":0,"k":0,"ix":4},"sa":{"a":0,"k":0,"ix":5},"nm":"Transform"}],"nm":"Group 19","np":1,"cix":2,"bm":0,"ix":4,"mn":"ADBE Vector Group","hd":false},{"ty":"gr","it":[{"ty":"gr","it":[{"ind":0,"ty":"sh","ix":1,"ks":{"a":0,"k":{"i":[[0,0],[-0.927,1.915],[0,0],[-1.915,-0.927],[0.927,-1.911],[0,0],[1.915,0.927]],"o":[[-1.915,-0.927],[0,0],[0.927,-1.915],[1.915,0.927],[0,0],[-0.927,1.915],[0,0]],"v":[[-16.935,34.973],[-18.724,29.825],[11.787,-33.18],[16.935,-34.969],[18.724,-29.825],[-11.787,33.18],[-16.935,34.969]],"c":false},"ix":2},"nm":"Path 1","mn":"ADBE Vector Shape - Group","hd":false},{"ty":"fl","c":{"a":0,"k":[0.039215687662,0.329411774874,1,1],"ix":4},"o":{"a":0,"k":100,"ix":5},"r":1,"bm":0,"nm":"Fill 1","mn":"ADBE Vector Graphic - Fill","hd":false},{"ty":"tr","p":{"a":0,"k":[73.428,138.863],"ix":2},"a":{"a":0,"k":[0,0],"ix":1},"s":{"a":0,"k":[100,100],"ix":3},"r":{"a":0,"k":0,"ix":6},"o":{"a":0,"k":100,"ix":7},"sk":{"a":0,"k":0,"ix":4},"sa":{"a":0,"k":0,"ix":5},"nm":"Transform"}],"nm":"Group 20","np":2,"cix":2,"bm":0,"ix":1,"mn":"ADBE Vector Group","hd":false},{"ty":"tr","p":{"a":0,"k":[500,500],"ix":2},"a":{"a":0,"k":[137,118],"ix":1},"s":{"a":0,"k":[100,100],"ix":3},"r":{"a":0,"k":0,"ix":6},"o":{"a":0,"k":100,"ix":7},"sk":{"a":0,"k":0,"ix":4},"sa":{"a":0,"k":0,"ix":5},"nm":"Transform"}],"nm":"Group 20","np":1,"cix":2,"bm":0,"ix":5,"mn":"ADBE Vector Group","hd":false}],"ip":0,"op":3600,"st":0,"ct":1,"bm":0},{"ddd":0,"ind":4,"ty":4,"nm":"Magnifying glass Matte 2","parent":3,"sr":1,"ks":{"o":{"a":0,"k":20,"ix":11},"p":{"a":0,"k":[468.044,455.411,0],"ix":2,"l":2},"a":{"a":0,"k":[-131,-148,0],"ix":1,"l":2},"s":{"a":0,"k":[27.524,27.524,100],"ix":6,"l":2}},"ao":0,"shapes":[{"ty":"gr","it":[{"d":1,"ty":"el","s":{"a":0,"k":[254,254],"ix":2},"p":{"a":0,"k":[0,0],"ix":3},"nm":"Ellipse Path 1","mn":"ADBE Vector Shape - Ellipse","hd":false},{"ty":"fl","c":{"a":0,"k":[0.039215087891,0.329406738281,1,1],"ix":4},"o":{"a":0,"k":100,"ix":5},"r":1,"bm":0,"nm":"Fill 1","mn":"ADBE Vector Graphic - Fill","hd":false},{"ty":"tr","p":{"a":0,"k":[-131,-148],"ix":2},"a":{"a":0,"k":[0,0],"ix":1},"s":{"a":0,"k":[100,100],"ix":3},"r":{"a":0,"k":0,"ix":6},"o":{"a":0,"k":100,"ix":7},"sk":{"a":0,"k":0,"ix":4},"sa":{"a":0,"k":0,"ix":5},"nm":"Transform"}],"nm":"Ellipse 1","np":3,"cix":2,"bm":0,"ix":1,"mn":"ADBE Vector Group","hd":false}],"ip":0,"op":3600,"st":0,"ct":1,"bm":0},{"ddd":0,"ind":5,"ty":4,"nm":"Magnifying glass Matte","parent":3,"td":1,"sr":1,"ks":{"p":{"a":0,"k":[468.044,455.411,0],"ix":2,"l":2},"a":{"a":0,"k":[-131,-148,0],"ix":1,"l":2},"s":{"a":0,"k":[27.524,27.524,100],"ix":6,"l":2}},"ao":0,"shapes":[{"ty":"gr","it":[{"d":1,"ty":"el","s":{"a":0,"k":[254,254],"ix":2},"p":{"a":0,"k":[0,0],"ix":3},"nm":"Ellipse Path 1","mn":"ADBE Vector Shape - Ellipse","hd":false},{"ty":"fl","c":{"a":0,"k":[0.972549019608,0.980391977348,0.988234994926,1],"ix":4},"o":{"a":0,"k":100,"ix":5},"r":1,"bm":0,"nm":"Fill 1","mn":"ADBE Vector Graphic - Fill","hd":false},{"ty":"tr","p":{"a":0,"k":[-131,-148],"ix":2},"a":{"a":0,"k":[0,0],"ix":1},"s":{"a":0,"k":[100,100],"ix":3},"r":{"a":0,"k":0,"ix":6},"o":{"a":0,"k":100,"ix":7},"sk":{"a":0,"k":0,"ix":4},"sa":{"a":0,"k":0,"ix":5},"nm":"Transform"}],"nm":"Ellipse 1","np":3,"cix":2,"bm":0,"ix":1,"mn":"ADBE Vector Group","hd":false}],"ip":0,"op":3600,"st":0,"ct":1,"bm":0},{"ddd":0,"ind":6,"ty":0,"nm":"Content 2","parent":2,"tt":1,"tp":5,"refId":"comp_0","sr":1,"ks":{"p":{"a":0,"k":[35.577,51.442,0],"ix":2,"l":2},"a":{"a":0,"k":[500,500,0],"ix":1,"l":2},"s":{"a":0,"k":[15.986,15.986,100],"ix":6,"l":2}},"ao":0,"w":1000,"h":1000,"ip":0,"op":3600,"st":0,"bm":0},{"ddd":0,"ind":7,"ty":0,"nm":"Content","parent":2,"refId":"comp_0","sr":1,"ks":{"p":{"a":0,"k":[50,47.837,0],"ix":2,"l":2},"a":{"a":0,"k":[500,500,0],"ix":1,"l":2},"s":{"a":0,"k":[12.019,12.019,100],"ix":6,"l":2}},"ao":0,"w":1000,"h":1000,"ip":0,"op":3600,"st":0,"bm":0}],"markers":[],"props":{}}